[{
  "_id": {
    "$oid": "5d3ee667a544183c5ce3cf6e"
  },
  "userId": "idashboard@cognizant.com",
  "roles": [
    {
      "$ref": "roles",
      "$id": "Admin"
    }
  ],
  "projectIds": []
},{
  "_id": {
    "$oid": "62d1205673809f6a9ec6beb2"
  },
  "userId": "sample@cts.com",
  "roles": [
    {
      "$ref": "roles",
      "$id": "Admin"
    }
  ],
  "projectIds": [],
  "ownProjectIds": [],
  "createdDate": {
    "$date": {
      "$numberLong": "1657872470179"
    }
  },
  "lastModifiedDate": {
    "$date": {
      "$numberLong": "1657872470179"
    }
  },
  "_class": "com.cognizant.authapi.users.beans.Account"
},{
  "_id": {
    "$oid": "63280c33e51d4c1d423b0413"
  },
  "userId": "sample1@cts.com",
  "roles": [
    {
      "$ref": "roles",
      "$id": "Admin"
    },
    {
      "$ref": "roles",
      "$id": "ProjectLead"
    },
    {
      "$ref": "roles",
      "$id": "TeamMember"
    },
    {
      "$ref": "roles",
      "$id": "Viewer"
    }
  ],
  "projectIds": [],
  "ownProjectIds": [],
  "createdDate": {
    "$date": {
      "$numberLong": "1663568947082"
    }
  },
  "lastModifiedDate": {
    "$date": {
      "$numberLong": "1663580558560"
    }
  },
  "_class": "com.cognizant.authapi.users.beans.Account"
},{
  "_id": {
    "$oid": "63281572e51d4c1d423b0415"
  },
  "userId": "inti.sandeep@cognizant.com",
  "roles": [
    {
      "$ref": "roles",
      "$id": "Admin"
    },
    {
      "$ref": "roles",
      "$id": "ProjectLead"
    },
    {
      "$ref": "roles",
      "$id": "TeamMember"
    },
    {
      "$ref": "roles",
      "$id": "Viewer"
    }
  ],
  "projectIds": [],
  "ownProjectIds": [],
  "createdDate": {
    "$date": {
      "$numberLong": "1663571314987"
    }
  },
  "lastModifiedDate": {
    "$date": {
      "$numberLong": "1663571869545"
    }
  },
  "_class": "com.cognizant.authapi.users.beans.Account"
},{
  "_id": {
    "$oid": "6329b337e51d4c1d423b0417"
  },
  "userId": "adminuser@cts.com",
  "roles": [
    {
      "$ref": "roles",
      "$id": "Admin"
    },
    {
      "$ref": "roles",
      "$id": "ProjectLead"
    },
    {
      "$ref": "roles",
      "$id": "TeamMember"
    },
    {
      "$ref": "roles",
      "$id": "Viewer"
    }
  ],
  "projectIds": [],
  "ownProjectIds": [],
  "createdDate": {
    "$date": {
      "$numberLong": "1663677239877"
    }
  },
  "lastModifiedDate": {
    "$date": {
      "$numberLong": "1663677410109"
    }
  },
  "_class": "com.cognizant.authapi.users.beans.Account"
},{
  "_id": {
    "$oid": "6329b35ae51d4c1d423b0419"
  },
  "userId": "demouser@cts.com",
  "roles": [
    {
      "$ref": "roles",
      "$id": "Admin"
    },
    {
      "$ref": "roles",
      "$id": "ProjectLead"
    },
    {
      "$ref": "roles",
      "$id": "TeamMember"
    },
    {
      "$ref": "roles",
      "$id": "Viewer"
    }
  ],
  "projectIds": [],
  "ownProjectIds": [],
  "createdDate": {
    "$date": {
      "$numberLong": "1663677274962"
    }
  },
  "lastModifiedDate": {
    "$date": {
      "$numberLong": "1663677433729"
    }
  },
  "_class": "com.cognizant.authapi.users.beans.Account"
},{
  "_id": {
    "$oid": "632a6b96e51d4c1d423b041b"
  },
  "userId": "subbu@cts.com",
  "roles": [],
  "projectIds": [],
  "ownProjectIds": [],
  "createdDate": {
    "$date": {
      "$numberLong": "1663724438896"
    }
  },
  "lastModifiedDate": {
    "$date": {
      "$numberLong": "1663724438896"
    }
  },
  "_class": "com.cognizant.authapi.users.beans.Account"
}]