[{
  "_id": {
    "$oid": "63244f723960062fd7775af8"
  },
  "name": "TestProj",
  "description": "ALM - Design & Execution Template",
  "createdUser": "sample@cts.com",
  "createdDate": {
    "$date": {
      "$numberLong": "1663324018649"
    }
  },
  "lastModifiedUser": "sample@cts.com",
  "lastModifiedDate": {
    "$date": {
      "$numberLong": "1663324018649"
    }
  },
  "_class": "com.cognizant.ciqdashboardapi.models.CIQDashboardProject",
  "LOBId": {
    "$oid": "6364f16bd2a64d598d55be87"
  },
  "OrgId": {
    "$oid": "6364f139d2a64d598d55bd68"
  }
},{
  "_id": {
    "$oid": "632a6c9b7f171e41679eadb9"
  },
  "name": "DemoProject",
  "description": "JIRA - Story & Bugs Template and JENKINS",
  "createdUser": "sample@cts.com",
  "createdDate": {
    "$date": {
      "$numberLong": "1663724699073"
    }
  },
  "lastModifiedUser": "sample@cts.com",
  "lastModifiedDate": {
    "$date": {
      "$numberLong": "1663724699073"
    }
  },
  "_class": "com.cognizant.ciqdashboardapi.models.CIQDashboardProject"
},{
  "_id": {
    "$oid": "6332c595ae3a811597024eeb"
  },
  "name": "ALM_Req_Def",
  "description": "ALM - Requirements & Defects Template",
  "createdUser": "sample@cts.com",
  "createdDate": {
    "$date": {
      "$numberLong": "1664271765896"
    }
  },
  "lastModifiedUser": "sample@cts.com",
  "lastModifiedDate": {
    "$date": {
      "$numberLong": "1664271765896"
    }
  },
  "_class": "com.cognizant.ciqdashboardapi.models.CIQDashboardProject"
},{
  "_id": {
    "$oid": "633bd16128d7a13e281ea506"
  },
  "name": "Digital",
  "description": "ALM Trends",
  "createdUser": "sample@cts.com",
  "createdDate": {
    "$date": {
      "$numberLong": "1664864609959"
    }
  },
  "lastModifiedUser": "sample@cts.com",
  "lastModifiedDate": {
    "$date": {
      "$numberLong": "1664864609959"
    }
  },
  "_class": "com.cognizant.ciqdashboardapi.models.CIQDashboardProject"
},{
  "_id": {
    "$oid": "6388404c290cb71723923360"
  },
  "name": "ShopOnline",
  "description": "Shop Online Project",
  "lobId": "63883fae290cb7172392335f",
  "orgId": "63883f1e290cb7172392335e",
  "sourceTools": [
    {
      "Jira": [
        "ShopOnline"
      ]
    }
  ],
  "createdUser": "sample@cts.com",
  "createdDate": {
    "$date": {
      "$numberLong": "1669873740698"
    }
  },
  "lastModifiedUser": "sample@cts.com",
  "lastModifiedDate": {
    "$date": {
      "$numberLong": "1669873740698"
    }
  },
  "_class": "com.cognizant.ciqdashboardapi.models.CIQDashboardProject"
},{
  "_id": {
    "$oid": "638843fc290cb71723923363"
  },
  "name": "ShoppingCart",
  "description": "Shopping Cart Handling",
  "lobId": "63883fae290cb7172392335f",
  "orgId": "63883f1e290cb7172392335e",
  "sourceTools": [
    {
      "Jira": [
        "ShoppingCart"
      ]
    }
  ],
  "createdUser": "sample@cts.com",
  "createdDate": {
    "$date": {
      "$numberLong": "1669874684399"
    }
  },
  "lastModifiedUser": "sample@cts.com",
  "lastModifiedDate": {
    "$date": {
      "$numberLong": "1669874684399"
    }
  },
  "_class": "com.cognizant.ciqdashboardapi.models.CIQDashboardProject"
},{
  "_id": {
    "$oid": "638867f5290cb7172392336d"
  },
  "name": "EasyBanking",
  "description": "EasyBanking App",
  "lobId": "63883fae290cb7172392335f",
  "orgId": "63883f1e290cb7172392335e",
  "createdUser": "sample@cts.com",
  "sourceTools": [
    {
      "Jira": [
        "EasyBanking"
      ]
    }
  ],
  "createdDate": {
    "$date": {
      "$numberLong": "1669883893803"
    }
  },
  "lastModifiedUser": "sample@cts.com",
  "lastModifiedDate": {
    "$date": {
      "$numberLong": "1669883893803"
    }
  },
  "_class": "com.cognizant.ciqdashboardapi.models.CIQDashboardProject"
},{
  "_id": {
    "$oid": "63888fc8290cb71723923372"
  },
  "name": "Billing Dashboard",
  "description": "Billing Statistics",
  "lobId": "63883fae290cb7172392335f",
  "orgId": "63883f1e290cb7172392335e",
  "sourceTools": [
    {
      "Jira": [
        "Billing Dashboard"
      ]
    }
  ],
  "createdUser": "sample@cts.com",
  "createdDate": {
    "$date": {
      "$numberLong": "1669894088440"
    }
  },
  "lastModifiedUser": "sample@cts.com",
  "lastModifiedDate": {
    "$date": {
      "$numberLong": "1669894088440"
    }
  },
  "_class": "com.cognizant.ciqdashboardapi.models.CIQDashboardProject"
},{
  "_id": {
    "$oid": "6388904f290cb71723923374"
  },
  "name": "Academy Courses",
  "description": "Online Ordering Learnings",
  "lobId": "63883fae290cb7172392335f",
  "orgId": "63883f1e290cb7172392335e",
  "sourceTools": [
    {
      "Jira": [
        "AcademyCourses"
      ]
    }
  ],
  "createdUser": "sample@cts.com",
  "createdDate": {
    "$date": {
      "$numberLong": "1669894223439"
    }
  },
  "lastModifiedUser": "sample@cts.com",
  "lastModifiedDate": {
    "$date": {
      "$numberLong": "1669894223439"
    }
  },
  "_class": "com.cognizant.ciqdashboardapi.models.CIQDashboardProject"
},{
  "_id": {
    "$oid": "63981023330f2f17c205e3e8"
  },
  "name": "PRJ A-LOB A",
  "description": "",
  "lobId": "63883fae290cb7172392335f",
  "orgId": "63883f1e290cb7172392335e",
  "createdUser": "sample@cts.com",
  "createdDate": {
    "$date": {
      "$numberLong": "1670909987113"
    }
  },
  "lastModifiedUser": "sample@cts.com",
  "lastModifiedDate": {
    "$date": {
      "$numberLong": "1670909987113"
    }
  },
  "_class": "com.cognizant.ciqdashboardapi.models.CIQDashboardProject"
},{
  "_id": {
    "$oid": "63b516c071c922228c2996ab"
  },
  "name": "PRJ ABC",
  "description": "PRJ ABC Description",
  "sourceTools": [
    {
      "toolName": "JIRA",
      "projectNames": [
        "AcademyCourses",
        "EasyBanking",
        "ShoppingCart"
      ]
    }
  ],
  "createdUser": "sample@cts.com",
  "createdDate": {
    "$date": {
      "$numberLong": "1672812224630"
    }
  },
  "lastModifiedUser": "sample@cts.com",
  "lastModifiedDate": {
    "$date": {
      "$numberLong": "1672812224630"
    }
  },
  "_class": "com.cognizant.ciqdashboardapi.models.CIQDashboardProject"
},{
  "_id": {
    "$oid": "63c6460f5435652a89363afb"
  },
  "name": "170123PRJ",
  "description": "170123PRJ",
  "sourceTools": [
    {
      "toolName": "JIRA",
      "projectNames": [
        "AcademyCourses",
        "Billing Dashboard"
      ]
    }
  ],
  "createdUser": "sample@cts.com",
  "createdDate": {
    "$date": {
      "$numberLong": "1673938447513"
    }
  },
  "lastModifiedUser": "sample@cts.com",
  "lastModifiedDate": {
    "$date": {
      "$numberLong": "1673938447513"
    }
  },
  "_class": "com.cognizant.ciqdashboardapi.models.CIQDashboardProject"
},{
  "_id": {
    "$oid": "63c6668f07ce1e5c99dc7138"
  },
  "name": "Type-II",
  "description": "Type-II test",
  "createdUser": "sample@cts.com",
  "createdDate": {
    "$date": {
      "$numberLong": "1673938447513"
    }
  },
  "lastModifiedUser": "sample@cts.com",
  "lastModifiedDate": {
    "$date": {
      "$numberLong": "1673938447513"
    }
  },
  "_class": "com.cognizant.ciqdashboardapi.models.CIQDashboardProject"
},{
  "_id": {
    "$oid": "63cfde735435652a89363afc"
  },
  "name": "Internet Banking",
  "description": "asdf",
  "sourceTools": [
    {
      "toolName": "Jira",
      "projectNames": [
        "Internet Banking"
      ]
    }
  ],
  "createdUser": "sample@cts.com",
  "createdDate": {
    "$date": {
      "$numberLong": "1674567283686"
    }
  },
  "lastModifiedUser": "sample@cts.com",
  "lastModifiedDate": {
    "$date": {
      "$numberLong": "1674567283686"
    }
  },
  "_class": "com.cognizant.ciqdashboardapi.models.CIQDashboardProject"
},{
  "_id": {
    "$oid": "63ede302272d0e6cea48fa56"
  },
  "name": "ERP Project",
  "description": "ERP Jira Project",
  "sourceTools": [
    {
      "toolName": "JIRA",
      "projectNames": [
        "ERP Cloud"
      ]
    }
  ],
  "createdUser": "sample@cts.com",
  "createdDate": {
    "$date": {
      "$numberLong": "1676534530239"
    }
  },
  "lastModifiedUser": "sample@cts.com",
  "lastModifiedDate": {
    "$date": {
      "$numberLong": "1676534530239"
    }
  },
  "_class": "com.cognizant.ciqdashboardapi.models.CIQDashboardProject"
}]