[{
  "_id": {
    "$oid": "632a6db87f171e41679eadbd"
  },
  "name": "ALM - Test Plan",
  "group": "Design",
  "collectionName": "source_alm_test",
  "description": "",
  "toolName": "ALM",
  "image": "",
  "imageType": "image",
  "fields": [
    {
      "name": "status",
      "type": "string",
      "label": "status"
    },
    {
      "name": "domainName",
      "type": "string",
      "label": "domainName"
    },
    {
      "name": "hasLinkage",
      "type": "string",
      "label": "hasLinkage"
    },
    {
      "name": "testName",
      "type": "string",
      "label": "testName"
    },
    {
      "name": "lastModified",
      "type": "date",
      "label": "lastModified"
    },
    {
      "name": "executionStatus",
      "type": "string",
      "label": "executionStatus"
    },
    {
      "name": "type",
      "type": "string",
      "label": "type"
    },
    {
      "name": "designer",
      "type": "string",
      "label": "designer"
    },
    {
      "name": "devComments",
      "type": "string",
      "label": "devComments"
    },
    {
      "name": "testId",
      "type": "string",
      "label": "testId"
    },
    {
      "name": "stepParam",
      "type": "string",
      "label": "stepParam"
    },
    {
      "name": "description",
      "type": "string",
      "label": "description"
    },
    {
      "name": "template",
      "type": "string",
      "label": "template"
    },
    {
      "name": "steps",
      "type": "string",
      "label": "steps"
    },
    {
      "name": "parentId",
      "type": "string",
      "label": "parentId"
    },
    {
      "name": "attachment",
      "type": "string",
      "label": "attachment"
    },
    {
      "name": "projectName",
      "type": "string",
      "label": "projectName"
    },
    {
      "name": "orderId",
      "type": "string",
      "label": "orderId"
    },
    {
      "name": "creationDate",
      "type": "date",
      "label": "creationDate"
    }
  ],
  "createdUser": "sample@cts.com",
  "createdDate": {
    "$date": {
      "$numberLong": "1663724984754"
    }
  },
  "lastModifiedUser": "sample@cts.com",
  "lastModifiedDate": {
    "$date": {
      "$numberLong": "1663724984754"
    }
  },
  "_class": "com.cognizant.ciqdashboardapi.models.CIQDashboardDataSource"
},{
  "_id": {
    "$oid": "632a7ab97f171e41679eadc6"
  },
  "name": "ALM - Test Run",
  "group": "Execution",
  "collectionName": "source_alm_runs",
  "description": "",
  "toolName": "ALM",
  "image": "",
  "imageType": "image",
  "fields": [
    {
      "name": "lastModified",
      "type": "date",
      "label": "lastModified"
    },
    {
      "name": "testSetName",
      "type": "string",
      "label": "testSetName"
    },
    {
      "name": "testInstance",
      "type": "string",
      "label": "testInstance"
    },
    {
      "name": "testRunId",
      "type": "string",
      "label": "testRunId"
    },
    {
      "name": "host",
      "type": "string",
      "label": "host"
    },
    {
      "name": "subtypeId",
      "type": "string",
      "label": "subtypeId"
    },
    {
      "name": "testId",
      "type": "string",
      "label": "testId"
    },
    {
      "name": "testRunName",
      "type": "string",
      "label": "testRunName"
    },
    {
      "name": "testCycleId",
      "type": "string",
      "label": "testCycleId"
    },
    {
      "name": "osBuild",
      "type": "string",
      "label": "osBuild"
    },
    {
      "name": "hasLinkage",
      "type": "string",
      "label": "hasLinkage"
    },
    {
      "name": "testName",
      "type": "string",
      "label": "testName"
    },
    {
      "name": "testConfigId",
      "type": "string",
      "label": "testConfigId"
    },
    {
      "name": "duration",
      "type": "int",
      "label": "duration"
    },
    {
      "name": "releaseId",
      "type": "string",
      "label": "releaseId"
    },
    {
      "name": "projectName",
      "type": "string",
      "label": "projectName"
    },
    {
      "name": "executionDate",
      "type": "date",
      "label": "executionDate"
    },
    {
      "name": "tester",
      "type": "string",
      "label": "tester"
    },
    {
      "name": "executionTime",
      "type": "date",
      "label": "executionTime"
    },
    {
      "name": "testDescription",
      "type": "string",
      "label": "testDescription"
    },
    {
      "name": "status",
      "type": "string",
      "label": "status"
    },
    {
      "name": "assignedCycleName",
      "type": "string",
      "label": "assignedCycleName"
    },
    {
      "name": "assignedCycleId",
      "type": "string",
      "label": "assignedCycleId"
    },
    {
      "name": "cycleId",
      "type": "string",
      "label": "cycleId"
    },
    {
      "name": "osName",
      "type": "string",
      "label": "osName"
    },
    {
      "name": "domainName",
      "type": "string",
      "label": "domainName"
    },
    {
      "name": "path",
      "type": "string",
      "label": "path"
    },
    {
      "name": "testCycleName",
      "type": "string",
      "label": "testCycleName"
    }
  ],
  "createdUser": "sample@cts.com",
  "createdDate": {
    "$date": {
      "$numberLong": "1663728313443"
    }
  },
  "lastModifiedUser": "sample@cts.com",
  "lastModifiedDate": {
    "$date": {
      "$numberLong": "1663728313443"
    }
  },
  "_class": "com.cognizant.ciqdashboardapi.models.CIQDashboardDataSource"
},{
  "_id": {
    "$oid": "632a930a7f171e41679eadcd"
  },
  "name": "ALM - Requirements",
  "group": "Requirements",
  "collectionName": "source_alm_requirements",
  "description": "",
  "toolName": "ALM",
  "image": "",
  "imageType": "image",
  "fields": [
    {
      "name": "product",
      "type": "string",
      "label": "product"
    },
    {
      "name": "description",
      "type": "string",
      "label": "description"
    },
    {
      "name": "requirementName",
      "type": "string",
      "label": "requirementName"
    },
    {
      "name": "requirementTypeId",
      "type": "string",
      "label": "requirementTypeId"
    },
    {
      "name": "requirementTypeName",
      "type": "string",
      "label": "requirementTypeName"
    },
    {
      "name": "status",
      "type": "string",
      "label": "status"
    },
    {
      "name": "requirementId",
      "type": "string",
      "label": "requirementId"
    },
    {
      "name": "creationTime",
      "type": "date",
      "label": "creationTime"
    },
    {
      "name": "versionNumber",
      "type": "string",
      "label": "versionNumber"
    },
    {
      "name": "projectName",
      "type": "string",
      "label": "projectName"
    },
    {
      "name": "lastModified",
      "type": "date",
      "label": "lastModified"
    },
    {
      "name": "domainName",
      "type": "string",
      "label": "domainName"
    },
    {
      "name": "isTemplate",
      "type": "string",
      "label": "isTemplate"
    },
    {
      "name": "verStamp",
      "type": "string",
      "label": "verStamp"
    },
    {
      "name": "targetCycleName",
      "type": "string",
      "label": "targetCycleName"
    },
    {
      "name": "fatherName",
      "type": "string",
      "label": "fatherName"
    },
    {
      "name": "hasRichContent",
      "type": "string",
      "label": "hasRichContent"
    },
    {
      "name": "noOfSons",
      "type": "string",
      "label": "noOfSons"
    },
    {
      "name": "targetReleaseId",
      "type": "string",
      "label": "targetReleaseId"
    },
    {
      "name": "parentId",
      "type": "string",
      "label": "parentId"
    },
    {
      "name": "author",
      "type": "string",
      "label": "author"
    },
    {
      "name": "orderId",
      "type": "string",
      "label": "orderId"
    },
    {
      "name": "creationDate",
      "type": "date",
      "label": "creationDate"
    },
    {
      "name": "reviewed",
      "type": "string",
      "label": "reviewed"
    },
    {
      "name": "priority",
      "type": "string",
      "label": "priority"
    },
    {
      "name": "hasLinkage",
      "type": "string",
      "label": "hasLinkage"
    },
    {
      "name": "hierarchicalPath",
      "type": "string",
      "label": "hierarchicalPath"
    },
    {
      "name": "comments",
      "type": "string",
      "label": "comments"
    },
    {
      "name": "targetReleaseName",
      "type": "string",
      "label": "targetReleaseName"
    },
    {
      "name": "targetCycleId",
      "type": "string",
      "label": "targetCycleId"
    }
  ],
  "createdUser": "sample@cts.com",
  "createdDate": {
    "$date": {
      "$numberLong": "1663734538222"
    }
  },
  "lastModifiedUser": "sample@cts.com",
  "lastModifiedDate": {
    "$date": {
      "$numberLong": "1663734538222"
    }
  },
  "_class": "com.cognizant.ciqdashboardapi.models.CIQDashboardDataSource"
},{
  "_id": {
    "$oid": "632ab20c9fd54818e8d9dac4"
  },
  "name": "Metrics",
  "group": "Metrics",
  "collectionName": "source_metrics",
  "description": "Metrics",
  "toolName": "Metrics",
  "image": "",
  "imageType": "image",
  "fields": [
    {
      "name": "projectName",
      "type": "string",
      "label": "projectName"
    },
    {
      "name": "dashboardName",
      "type": "string",
      "label": "dashboardName"
    },
    {
      "name": "toolType",
      "type": "string",
      "label": "toolType"
    },
    {
      "name": "metricName",
      "type": "string",
      "label": "metricName"
    },
    {
      "name": "itemId",
      "type": "string",
      "label": "itemId"
    },
    {
      "name": "lastCalculatedDate",
      "type": "date",
      "label": "lastCalculatedDate"
    },
    {
      "name": "pageName",
      "type": "string",
      "label": "pageName"
    },
    {
      "name": "metricValue",
      "type": "int",
      "label": "metricValue"
    }
  ],
  "createdUser": "sample@cts.com",
  "createdDate": {
    "$date": {
      "$numberLong": "1663742476965"
    }
  },
  "lastModifiedUser": "sample@cts.com",
  "lastModifiedDate": {
    "$date": {
      "$numberLong": "1663742476965"
    }
  },
  "_class": "com.cognizant.ciqdashboardapi.models.CIQDashboardDataSource"
},{
  "_id": {
    "$oid": "632ae11ae2c76f783ca0b262"
  },
  "name": "CI - Jenkins",
  "group": "Cont. Int",
  "collectionName": "source_jenkinsbuild",
  "description": "",
  "toolName": "Jenkins",
  "image": "",
  "imageType": "image",
  "fields": [
    {
      "name": "buildId",
      "type": "string",
      "label": "buildId"
    },
    {
      "name": "queueId",
      "type": "int",
      "label": "queueId"
    },
    {
      "name": "jobName",
      "type": "string",
      "label": "jobName"
    },
    {
      "name": "buildEndTime",
      "type": "date",
      "label": "buildEndTime"
    },
    {
      "name": "culprits",
      "type": "array",
      "label": "culprits"
    },
    {
      "name": "number",
      "type": "int",
      "label": "number"
    },
    {
      "name": "result",
      "type": "string",
      "label": "result"
    },
    {
      "name": "url",
      "type": "string",
      "label": "url"
    },
    {
      "name": "keepLog",
      "type": "bool",
      "label": "keepLog"
    },
    {
      "name": "duration",
      "type": "int",
      "label": "duration"
    },
    {
      "name": "displayName",
      "type": "string",
      "label": "displayName"
    },
    {
      "name": "jobDescription",
      "type": "string",
      "label": "jobDescription"
    },
    {
      "name": "jobURL",
      "type": "string",
      "label": "jobURL"
    },
    {
      "name": "building",
      "type": "bool",
      "label": "building"
    },
    {
      "name": "jobFullName",
      "type": "string",
      "label": "jobFullName"
    },
    {
      "name": "fullDisplayName",
      "type": "string",
      "label": "fullDisplayName"
    },
    {
      "name": "buildStartTime",
      "type": "date",
      "label": "buildStartTime"
    },
    {
      "name": "timestamp",
      "type": "long",
      "label": "timestamp"
    },
    {
      "name": "estimatedDuration",
      "type": "int",
      "label": "estimatedDuration"
    },
    {
      "name": "description",
      "type": "string",
      "label": "description"
    }
  ],
  "createdUser": "sample@cts.com",
  "createdDate": {
    "$date": {
      "$numberLong": "1663754522556"
    }
  },
  "lastModifiedUser": "sample@cts.com",
  "lastModifiedDate": {
    "$date": {
      "$numberLong": "1663754522556"
    }
  },
  "_class": "com.cognizant.ciqdashboardapi.models.CIQDashboardDataSource"
},{
  "_id": {
    "$oid": "632d4746e2c76f783ca0b28b"
  },
  "name": "ALM - Defects",
  "group": "Defects",
  "collectionName": "source_alm_defects",
  "description": "",
  "toolName": "ALM",
  "image": "",
  "imageType": "image",
  "fields": [
    {
      "name": "detectionVersion",
      "type": "string",
      "label": "detectionVersion"
    },
    {
      "name": "lastModified",
      "type": "date",
      "label": "lastModified"
    },
    {
      "name": "attachment",
      "type": "string",
      "label": "attachment"
    },
    {
      "name": "domainName",
      "type": "string",
      "label": "domainName"
    },
    {
      "name": "detectedCycleName",
      "type": "string",
      "label": "detectedCycleName"
    },
    {
      "name": "verStamp",
      "type": "string",
      "label": "verStamp"
    },
    {
      "name": "defectName",
      "type": "string",
      "label": "defectName"
    },
    {
      "name": "project",
      "type": "string",
      "label": "project"
    },
    {
      "name": "reproducible",
      "type": "string",
      "label": "reproducible"
    },
    {
      "name": "actualFixTime",
      "type": "int",
      "label": "actualFixTime"
    },
    {
      "name": "description",
      "type": "string",
      "label": "description"
    },
    {
      "name": "environment",
      "type": "string",
      "label": "environment"
    },
    {
      "name": "assignedTo",
      "type": "string",
      "label": "assignedTo"
    },
    {
      "name": "detectedReleaseId",
      "type": "string",
      "label": "detectedReleaseId"
    },
    {
      "name": "status",
      "type": "string",
      "label": "status"
    },
    {
      "name": "detectedCycleId",
      "type": "string",
      "label": "detectedCycleId"
    },
    {
      "name": "detectedBy",
      "type": "string",
      "label": "detectedBy"
    },
    {
      "name": "projectName",
      "type": "string",
      "label": "projectName"
    },
    {
      "name": "devComments",
      "type": "string",
      "label": "devComments"
    },
    {
      "name": "detectedReleaseName",
      "type": "string",
      "label": "detectedReleaseName"
    },
    {
      "name": "priority",
      "type": "string",
      "label": "priority"
    },
    {
      "name": "hasLinkage",
      "type": "string",
      "label": "hasLinkage"
    },
    {
      "name": "severity",
      "type": "string",
      "label": "severity"
    },
    {
      "name": "closingDate",
      "type": "date",
      "label": "closingDate"
    },
    {
      "name": "defectId",
      "type": "string",
      "label": "defectId"
    },
    {
      "name": "subject",
      "type": "string",
      "label": "subject"
    },
    {
      "name": "creationDate",
      "type": "date",
      "label": "creationDate"
    },
    {
      "name": "hasOthersLinkage",
      "type": "string",
      "label": "hasOthersLinkage"
    }
  ],
  "createdUser": "sample1@cts.com",
  "createdDate": {
    "$date": {
      "$numberLong": "1663911750240"
    }
  },
  "lastModifiedUser": "sample1@cts.com",
  "lastModifiedDate": {
    "$date": {
      "$numberLong": "1663911750240"
    }
  },
  "_class": "com.cognizant.ciqdashboardapi.models.CIQDashboardDataSource"
},{
  "_id": {
    "$oid": "633fe0b528d7a13e281ea511"
  },
  "name": "Test Source",
  "group": "Defetcs_Test",
  "collectionName": "source_jira_Issues",
  "description": "",
  "toolName": "Jira-Test",
  "image": "",
  "imageType": "image",
  "fields": [
    {
      "name": "fixVersionReleased",
      "type": "bool",
      "label": "fixVersionReleased"
    },
    {
      "name": "reporterSelf",
      "type": "string",
      "label": "reporterSelf"
    },
    {
      "name": "statusCategorySelf",
      "type": "string",
      "label": "statusCategorySelf"
    },
    {
      "name": "assigneeActive",
      "type": "bool",
      "label": "assigneeActive"
    },
    {
      "name": "versions",
      "type": "array",
      "label": "versions"
    },
    {
      "name": "assigneeTimeZone",
      "type": "string",
      "label": "assigneeTimeZone"
    },
    {
      "name": "self",
      "type": "string",
      "label": "self"
    },
    {
      "name": "issueTypeSubtask",
      "type": "bool",
      "label": "issueTypeSubtask"
    },
    {
      "name": "reporterEmailAddress",
      "type": "string",
      "label": "reporterEmailAddress"
    },
    {
      "name": "priorityId",
      "type": "string",
      "label": "priorityId"
    },
    {
      "name": "issueTypeDescription",
      "type": "string",
      "label": "issueTypeDescription"
    },
    {
      "name": "creatorAvatarUrls",
      "type": "object",
      "label": "creatorAvatarUrls"
    },
    {
      "name": "assigneeSelf",
      "type": "string",
      "label": "assigneeSelf"
    },
    {
      "name": "resolutionName",
      "type": "string",
      "label": "resolutionName"
    },
    {
      "name": "issueTypeIconUrl",
      "type": "string",
      "label": "issueTypeIconUrl"
    },
    {
      "name": "projectName",
      "type": "string",
      "label": "projectName"
    },
    {
      "name": "expand",
      "type": "string",
      "label": "expand"
    },
    {
      "name": "priority",
      "type": "string",
      "label": "priority"
    },
    {
      "name": "assigneeDisplayName",
      "type": "string",
      "label": "assigneeDisplayName"
    },
    {
      "name": "progress",
      "type": "object",
      "label": "progress"
    },
    {
      "name": "statusCategoryId",
      "type": "int",
      "label": "statusCategoryId"
    },
    {
      "name": "workRatio",
      "type": "int",
      "label": "workRatio"
    },
    {
      "name": "reporterActive",
      "type": "bool",
      "label": "reporterActive"
    },
    {
      "name": "votes",
      "type": "object",
      "label": "votes"
    },
    {
      "name": "issueTypeSelf",
      "type": "string",
      "label": "issueTypeSelf"
    },
    {
      "name": "statusCategoryName",
      "type": "string",
      "label": "statusCategoryName"
    },
    {
      "name": "updated",
      "type": "date",
      "label": "updated"
    },
    {
      "name": "projectKey",
      "type": "string",
      "label": "projectKey"
    },
    {
      "name": "created",
      "type": "date",
      "label": "created"
    },
    {
      "name": "creatorActive",
      "type": "bool",
      "label": "creatorActive"
    },
    {
      "name": "projectTypeKey",
      "type": "string",
      "label": "projectTypeKey"
    },
    {
      "name": "lastViewed",
      "type": "string",
      "label": "lastViewed"
    },
    {
      "name": "fixVersionArchived",
      "type": "bool",
      "label": "fixVersionArchived"
    },
    {
      "name": "labels",
      "type": "array",
      "label": "labels"
    },
    {
      "name": "reporterTimeZone",
      "type": "string",
      "label": "reporterTimeZone"
    },
    {
      "name": "creatorTimeZone",
      "type": "string",
      "label": "creatorTimeZone"
    },
    {
      "name": "statusDescription",
      "type": "string",
      "label": "statusDescription"
    },
    {
      "name": "statusId",
      "type": "string",
      "label": "statusId"
    },
    {
      "name": "watches",
      "type": "object",
      "label": "watches"
    },
    {
      "name": "environment",
      "type": "string",
      "label": "ENVR"
    },
    {
      "name": "projectId",
      "type": "string",
      "label": "projectId"
    },
    {
      "name": "description",
      "type": "string",
      "label": "description"
    },
    {
      "name": "resolutionId",
      "type": "string",
      "label": "resolutionId"
    },
    {
      "name": "issueTypeName",
      "type": "string",
      "label": "issueTypeName"
    },
    {
      "name": "statusName",
      "type": "string",
      "label": "statusName"
    },
    {
      "name": "reporterAvatarUrls",
      "type": "object",
      "label": "reporterAvatarUrls"
    },
    {
      "name": "additionalProperties",
      "type": "object",
      "label": "additionalProperties"
    },
    {
      "name": "issueTypeAvatarId",
      "type": "int",
      "label": "issueTypeAvatarId"
    },
    {
      "name": "creatorSelf",
      "type": "string",
      "label": "creatorSelf"
    },
    {
      "name": "aggregateProgress",
      "type": "object",
      "label": "aggregateProgress"
    },
    {
      "name": "summary",
      "type": "string",
      "label": "summary"
    },
    {
      "name": "resolutionSelf",
      "type": "string",
      "label": "resolutionSelf"
    },
    {
      "name": "statusCategoryColorName",
      "type": "string",
      "label": "statusCategoryColorName"
    },
    {
      "name": "subTasks",
      "type": "array",
      "label": "subTasks"
    },
    {
      "name": "creatorDisplayName",
      "type": "string",
      "label": "creatorDisplayName"
    },
    {
      "name": "issueLinks",
      "type": "array",
      "label": "issueLinks"
    },
    {
      "name": "assigneeEmailAddress",
      "type": "string",
      "label": "assigneeEmailAddress"
    },
    {
      "name": "creatorEmailAddress",
      "type": "string",
      "label": "creatorEmailAddress"
    },
    {
      "name": "reporterDisplayName",
      "type": "string",
      "label": "reporterDisplayName"
    },
    {
      "name": "statusSelf",
      "type": "string",
      "label": "statusSelf"
    },
    {
      "name": "statusIconUrl",
      "type": "string",
      "label": "statusIconUrl"
    },
    {
      "name": "statusCategoryKey",
      "type": "string",
      "label": "statusCategoryKey"
    },
    {
      "name": "projectSelf",
      "type": "string",
      "label": "projectSelf"
    },
    {
      "name": "projectAvatarUrls",
      "type": "object",
      "label": "projectAvatarUrls"
    },
    {
      "name": "resolutionDescription",
      "type": "string",
      "label": "resolutionDescription"
    },
    {
      "name": "key",
      "type": "string",
      "label": "key"
    },
    {
      "name": "issueTypeId",
      "type": "string",
      "label": "issueTypeId"
    },
    {
      "name": "assigneeAvatarUrls",
      "type": "object",
      "label": "assigneeAvatarUrls"
    }
  ],
  "createdUser": "sample@cts.com",
  "createdDate": {
    "$date": {
      "$numberLong": "1665130677211"
    }
  },
  "lastModifiedUser": "sample@cts.com",
  "lastModifiedDate": {
    "$date": {
      "$numberLong": "1665130677211"
    }
  },
  "_class": "com.cognizant.ciqdashboardapi.models.CIQDashboardDataSource"
},{
  "_id": {
    "$oid": "637e02d404b3600ab33cbffb"
  },
  "name": "Performance",
  "group": "Performance",
  "collectionName": "source_performance",
  "description": "",
  "toolName": "JMeter",
  "image": "",
  "imageType": "image",
  "fields": [
    {
      "name": "type",
      "type": "string",
      "label": "type"
    },
    {
      "name": "severity",
      "type": "string",
      "label": "severity"
    },
    {
      "name": "endUserExperience",
      "type": "string",
      "label": "endUserExperience"
    }
  ],
  "lastModifiedUser": "sample@cts.com",
  "lastModifiedDate": {
    "$date": {
      "$numberLong": "1669205066974"
    }
  },
  "_class": "com.cognizant.ciqdashboardapi.models.CIQDashboardDataSource"
},{
  "_id": {
    "$oid": "63f239d4272d0e6cea48fa6a"
  },
  "name": "Jira",
  "group": "Jira",
  "collectionName": "source_jira_Issues",
  "description": "Jira",
  "toolName": "Jira",
  "image": "",
  "imageType": "image",
  "fields": [
    {
      "name": "watches",
      "type": "object",
      "label": "watches"
    },
    {
      "name": "statusId",
      "type": "string",
      "label": "statusId"
    },
    {
      "name": "statusCategorySelf",
      "type": "string",
      "label": "statusCategorySelf"
    },
    {
      "name": "workstream",
      "type": "string",
      "label": "workstream"
    },
    {
      "name": "linkedStoryId",
      "type": "string",
      "label": "linkedStoryId"
    },
    {
      "name": "versionsId",
      "type": "string",
      "label": "versionsId"
    },
    {
      "name": "environment",
      "type": "string",
      "label": "environment"
    },
    {
      "name": "linkedBugKey",
      "type": "string",
      "label": "linkedBugKey"
    },
    {
      "name": "reporterSelf",
      "type": "string",
      "label": "reporterSelf"
    },
    {
      "name": "labels",
      "type": "array",
      "label": "labels"
    },
    {
      "name": "dueDate",
      "type": "string",
      "label": "dueDate"
    },
    {
      "name": "linkedTestId",
      "type": "string",
      "label": "linkedTestId"
    },
    {
      "name": "linkedTestKey",
      "type": "string",
      "label": "linkedTestKey"
    },
    {
      "name": "projectId",
      "type": "string",
      "label": "projectId"
    },
    {
      "name": "reporterAvatarUrls",
      "type": "object",
      "label": "reporterAvatarUrls"
    },
    {
      "name": "assigneeSelf",
      "type": "string",
      "label": "assigneeSelf"
    },
    {
      "name": "fixVersionId",
      "type": "string",
      "label": "fixVersionId"
    },
    {
      "name": "statusSelf",
      "type": "string",
      "label": "statusSelf"
    },
    {
      "name": "resolutionSelf",
      "type": "string",
      "label": "resolutionSelf"
    },
    {
      "name": "creatorKey",
      "type": "string",
      "label": "creatorKey"
    },
    {
      "name": "issueTypeDescription",
      "type": "string",
      "label": "issueTypeDescription"
    },
    {
      "name": "statusCategoryColorName",
      "type": "string",
      "label": "statusCategoryColorName"
    },
    {
      "name": "module",
      "type": "string",
      "label": "module"
    },
    {
      "name": "summary",
      "type": "string",
      "label": "summary"
    },
    {
      "name": "issueTypeAvatarId",
      "type": "int",
      "label": "issueTypeAvatarId"
    },
    {
      "name": "assigneeEmailAddress",
      "type": "string",
      "label": "assigneeEmailAddress"
    },
    {
      "name": "expand",
      "type": "string",
      "label": "expand"
    },
    {
      "name": "key",
      "type": "string",
      "label": "key"
    },
    {
      "name": "assigneeAvatarUrls",
      "type": "object",
      "label": "assigneeAvatarUrls"
    },
    {
      "name": "statusName",
      "type": "string",
      "label": "statusName"
    },
    {
      "name": "defectType",
      "type": "string",
      "label": "defectType"
    },
    {
      "name": "creatorDisplayName",
      "type": "string",
      "label": "creatorDisplayName"
    },
    {
      "name": "assigneeKey",
      "type": "string",
      "label": "assigneeKey"
    },
    {
      "name": "detectedInEnvironment",
      "type": "string",
      "label": "detectedInEnvironment"
    },
    {
      "name": "issueLinks",
      "type": "array",
      "label": "issueLinks"
    },
    {
      "name": "fixVersionReleaseDate",
      "type": "date",
      "label": "fixVersionReleaseDate"
    },
    {
      "name": "resolutionId",
      "type": "string",
      "label": "resolutionId"
    },
    {
      "name": "linkedBugId",
      "type": "string",
      "label": "linkedBugId"
    },
    {
      "name": "issueTypeIconUrl",
      "type": "string",
      "label": "issueTypeIconUrl"
    },
    {
      "name": "creatorEmailAddress",
      "type": "string",
      "label": "creatorEmailAddress"
    },
    {
      "name": "fixVersionName",
      "type": "string",
      "label": "fixVersionName"
    },
    {
      "name": "reporterKey",
      "type": "string",
      "label": "reporterKey"
    },
    {
      "name": "projectAvatarUrls",
      "type": "object",
      "label": "projectAvatarUrls"
    },
    {
      "name": "votes",
      "type": "object",
      "label": "votes"
    },
    {
      "name": "causeOfDefect",
      "type": "string",
      "label": "causeOfDefect"
    },
    {
      "name": "priority",
      "type": "string",
      "label": "priority"
    },
    {
      "name": "creatorName",
      "type": "string",
      "label": "creatorName"
    },
    {
      "name": "updated",
      "type": "date",
      "label": "updated"
    },
    {
      "name": "fixVersionArchived",
      "type": "bool",
      "label": "fixVersionArchived"
    },
    {
      "name": "creatorActive",
      "type": "bool",
      "label": "creatorActive"
    },
    {
      "name": "projectKey",
      "type": "string",
      "label": "projectKey"
    },
    {
      "name": "reporterActive",
      "type": "bool",
      "label": "reporterActive"
    },
    {
      "name": "statusCategoryName",
      "type": "string",
      "label": "statusCategoryName"
    },
    {
      "name": "priorityId",
      "type": "string",
      "label": "priorityId"
    },
    {
      "name": "assigneeActive",
      "type": "bool",
      "label": "assigneeActive"
    },
    {
      "name": "description",
      "type": "string",
      "label": "description"
    },
    {
      "name": "statusDescription",
      "type": "string",
      "label": "statusDescription"
    },
    {
      "name": "reporterTimeZone",
      "type": "string",
      "label": "reporterTimeZone"
    },
    {
      "name": "resolutionName",
      "type": "string",
      "label": "resolutionName"
    },
    {
      "name": "workRatio",
      "type": "int",
      "label": "workRatio"
    },
    {
      "name": "self",
      "type": "string",
      "label": "self"
    },
    {
      "name": "progress",
      "type": "object",
      "label": "progress"
    },
    {
      "name": "creatorTimeZone",
      "type": "string",
      "label": "creatorTimeZone"
    },
    {
      "name": "issueTypeName",
      "type": "string",
      "label": "issueTypeName"
    },
    {
      "name": "projectTypeKey",
      "type": "string",
      "label": "projectTypeKey"
    },
    {
      "name": "reporterEmailAddress",
      "type": "string",
      "label": "reporterEmailAddress"
    },
    {
      "name": "projectName",
      "type": "string",
      "label": "projectName"
    },
    {
      "name": "creatorAvatarUrls",
      "type": "object",
      "label": "creatorAvatarUrls"
    },
    {
      "name": "created",
      "type": "date",
      "label": "created"
    },
    {
      "name": "assigneeName",
      "type": "string",
      "label": "assigneeName"
    },
    {
      "name": "reporterDisplayName",
      "type": "string",
      "label": "reporterDisplayName"
    },
    {
      "name": "assigneeDisplayName",
      "type": "string",
      "label": "assigneeDisplayName"
    },
    {
      "name": "severity",
      "type": "string",
      "label": "severity"
    },
    {
      "name": "reporterName",
      "type": "string",
      "label": "reporterName"
    },
    {
      "name": "creatorSelf",
      "type": "string",
      "label": "creatorSelf"
    },
    {
      "name": "assigneeTimeZone",
      "type": "string",
      "label": "assigneeTimeZone"
    },
    {
      "name": "issueTypeSubtask",
      "type": "bool",
      "label": "issueTypeSubtask"
    },
    {
      "name": "aggregateProgress",
      "type": "object",
      "label": "aggregateProgress"
    },
    {
      "name": "versionsName",
      "type": "string",
      "label": "versionsName"
    },
    {
      "name": "statusIconUrl",
      "type": "string",
      "label": "statusIconUrl"
    },
    {
      "name": "statusCategoryKey",
      "type": "string",
      "label": "statusCategoryKey"
    },
    {
      "name": "linkedStoryKey",
      "type": "string",
      "label": "linkedStoryKey"
    },
    {
      "name": "subTasks",
      "type": "array",
      "label": "subTasks"
    },
    {
      "name": "statusCategoryId",
      "type": "int",
      "label": "statusCategoryId"
    },
    {
      "name": "resolutionDescription",
      "type": "string",
      "label": "resolutionDescription"
    },
    {
      "name": "fixVersionReleased",
      "type": "bool",
      "label": "fixVersionReleased"
    },
    {
      "name": "projectSelf",
      "type": "string",
      "label": "projectSelf"
    },
    {
      "name": "issueTypeSelf",
      "type": "string",
      "label": "issueTypeSelf"
    },
    {
      "name": "issueTypeId",
      "type": "string",
      "label": "issueTypeId"
    }
  ],
  "createdUser": "sample@cts.com",
  "createdDate": {
    "$date": {
      "$numberLong": "1676818900628"
    }
  },
  "lastModifiedUser": "sample@cts.com",
  "lastModifiedDate": {
    "$date": {
      "$numberLong": "1676818900628"
    }
  },
  "_class": "com.cognizant.ciqdashboardapi.models.CIQDashboardDataSource"
},{
  "_id": {
    "$oid": "63f23a00272d0e6cea48fa6b"
  },
  "name": "Zephyr",
  "group": "Zephyr",
  "collectionName": "source_zephyr_data",
  "description": "Zephyr",
  "toolName": "Zephyr",
  "image": "",
  "imageType": "image",
  "fields": [
    {
      "name": "versionId",
      "type": "int",
      "label": "versionId"
    },
    {
      "name": "canViewIssue",
      "type": "bool",
      "label": "canViewIssue"
    },
    {
      "name": "executionStatusDescription",
      "type": "string",
      "label": "executionStatusDescription"
    },
    {
      "name": "executionAssigneeDisplay",
      "type": "string",
      "label": "executionAssigneeDisplay"
    },
    {
      "name": "folderName",
      "type": "string",
      "label": "folderName"
    },
    {
      "name": "folderId",
      "type": "int",
      "label": "folderId"
    },
    {
      "name": "issueSummary",
      "type": "string",
      "label": "issueSummary"
    },
    {
      "name": "projectId",
      "type": "int",
      "label": "projectId"
    },
    {
      "name": "cycleCreatedBy",
      "type": "string",
      "label": "cycleCreatedBy"
    },
    {
      "name": "cycleStartDate",
      "type": "date",
      "label": "cycleStartDate"
    },
    {
      "name": "totalCycleExecutions",
      "type": "int",
      "label": "totalCycleExecutions"
    },
    {
      "name": "issueKey",
      "type": "string",
      "label": "issueKey"
    },
    {
      "name": "orderId",
      "type": "int",
      "label": "orderId"
    },
    {
      "name": "executedBy",
      "type": "string",
      "label": "executedBy"
    },
    {
      "name": "build",
      "type": "string",
      "label": "build"
    },
    {
      "name": "cycleEndDate",
      "type": "date",
      "label": "cycleEndDate"
    },
    {
      "name": "cycleModifiedBy",
      "type": "string",
      "label": "cycleModifiedBy"
    },
    {
      "name": "executionAssignee",
      "type": "string",
      "label": "executionAssignee"
    },
    {
      "name": "executedByDisplay",
      "type": "string",
      "label": "executedByDisplay"
    },
    {
      "name": "stepDefectCount",
      "type": "int",
      "label": "stepDefectCount"
    },
    {
      "name": "projectKey",
      "type": "string",
      "label": "projectKey"
    },
    {
      "name": "executionStatusName",
      "type": "string",
      "label": "executionStatusName"
    },
    {
      "name": "versionName",
      "type": "string",
      "label": "versionName"
    },
    {
      "name": "totalDefectCount",
      "type": "int",
      "label": "totalDefectCount"
    },
    {
      "name": "cycleCreatedDate",
      "type": "date",
      "label": "cycleCreatedDate"
    },
    {
      "name": "cycleEnvironment",
      "type": "string",
      "label": "cycleEnvironment"
    },
    {
      "name": "type",
      "type": "string",
      "label": "type"
    },
    {
      "name": "totalExecutionsInCycle",
      "type": "int",
      "label": "totalExecutionsInCycle"
    },
    {
      "name": "totalExecutedInCycle",
      "type": "int",
      "label": "totalExecutedInCycle"
    },
    {
      "name": "cycleModifiedByDisplay",
      "type": "string",
      "label": "cycleModifiedByDisplay"
    },
    {
      "name": "cycleId",
      "type": "int",
      "label": "cycleId"
    },
    {
      "name": "priority",
      "type": "string",
      "label": "priority"
    },
    {
      "name": "executedByUserName",
      "type": "string",
      "label": "executedByUserName"
    },
    {
      "name": "cycleCreatedByDisplay",
      "type": "string",
      "label": "cycleCreatedByDisplay"
    },
    {
      "name": "cycleName",
      "type": "string",
      "label": "cycleName"
    },
    {
      "name": "defects",
      "type": "array",
      "label": "defects"
    },
    {
      "name": "executionStatusId",
      "type": "string",
      "label": "executionStatusId"
    },
    {
      "name": "totalDefectsInCycle",
      "type": "int",
      "label": "totalDefectsInCycle"
    },
    {
      "name": "isCycleTimeTrackingEnabled",
      "type": "bool",
      "label": "isCycleTimeTrackingEnabled"
    },
    {
      "name": "issueId",
      "type": "int",
      "label": "issueId"
    },
    {
      "name": "executionDefectCount",
      "type": "int",
      "label": "executionDefectCount"
    },
    {
      "name": "issueDescription",
      "type": "string",
      "label": "issueDescription"
    },
    {
      "name": "executionCreatedOn",
      "type": "date",
      "label": "executionCreatedOn"
    },
    {
      "name": "executionAssigneeUserName",
      "type": "string",
      "label": "executionAssigneeUserName"
    },
    {
      "name": "status",
      "type": "object",
      "label": "status"
    },
    {
      "name": "totalFolders",
      "type": "int",
      "label": "totalFolders"
    },
    {
      "name": "projectName",
      "type": "string",
      "label": "projectName"
    },
    {
      "name": "expand",
      "type": "string",
      "label": "expand"
    },
    {
      "name": "cycleDescription",
      "type": "string",
      "label": "cycleDescription"
    },
    {
      "name": "executedOn",
      "type": "date",
      "label": "executedOn"
    }
  ],
  "createdUser": "sample@cts.com",
  "createdDate": {
    "$date": {
      "$numberLong": "1676818944456"
    }
  },
  "lastModifiedUser": "sample@cts.com",
  "lastModifiedDate": {
    "$date": {
      "$numberLong": "1676818944456"
    }
  },
  "_class": "com.cognizant.ciqdashboardapi.models.CIQDashboardDataSource"
}]