[{
  "_id": {
    "$oid": "63088d5d2aa8d37014ed7f89"
  },
  "name": "Defect Template",
  "category": "PRJ",
  "active": false,
  "openAccess": false,
  "pages": [
    {
      "name": "Defects",
      "gridConfig": {
        "rows": 16,
        "columns": 16,
        "margin": 0
      },
      "active": true,
      "items": [
        {
          "_id": {
            "$oid": "6311c6b03960062fd7775ae1"
          },
          "type": "tree-map-chart",
          "itemGroup": "datachart",
          "options": {
            "title": "Defects Tree Map",
            "colors": "#C7BC97,#573B30,#5B36C4,#C46536,#C43668,#366DC4,#369AC4,#4F4E73,#C44C36,#573345,#364AC4,#C44136,#C43644,#3D2B57,#C95837,#36C484,#BD572F,#C43667,#82DDA3,#91949C,#D76973,#57332C,#4B505B,#C48836,#7F36C4,#365EC4,#47C99E,#DE5076,#C4AB36,#D0505B,#C49236,#4E3C25,#C47036,#36C4A7,#63CC98,#2A69E6,#36C4C0,#C38849,#69D791,#D06250,#36BDC4,#313A57,#B282DD,#A369D7,#4B573F",
            "gradient": true,
            "animations": true,
            "tooltipDisabled": null,
            "dateSeries": null,
            "dateFormat": null,
            "dateGroup": null,
            "cumulative": null,
            "xAxis": null,
            "yAxis": null,
            "legend": null,
            "legendPositionDown": null,
            "showXAxisLabel": null,
            "showYAxisLabel": null,
            "xAxisLabel": null,
            "yAxisLabel": null,
            "xScaleMin": null,
            "xScaleMax": null,
            "roundDomains": null,
            "showGridLines": null,
            "legendTitle": null,
            "trimXAxisTicks": null,
            "maxXAxisTickLength": null,
            "trimYAxisTicks": null,
            "maxYAxisTickLength": null,
            "rotateXAxisTicks": null,
            "noBarWhenZero": null,
            "showDataLabel": null,
            "barPadding": null,
            "roundEdges": null
          },
          "rows": 6,
          "cols": 8,
          "x": 0,
          "y": 3,
          "filters": [
            {
              "name": "myFilter",
              "logicalOperator": "AND",
              "configs": [
                {
                  "field": "issueTypeName",
                  "op": "matches",
                  "value": "Bug",
                  "maxValue": ""
                }
              ],
              "active": true
            }
          ]
        },
        {
          "_id": {
            "$oid": "6311ba7d3960062fd7775ad9"
          },
          "type": "pie-chart-advanced",
          "itemGroup": "datachart",
          "options": {
            "title": "Defects By Status",
            "colors": "#63CC98,#4F4E73,#C95837,#A369D7,#82DDA3,#C49236,#4B573F,#36BDC4,#313A57,#C43668,#C7BC97,#D76973,#C44136,#D06250,#7F36C4,#C46536,#365EC4,#36C4A7,#364AC4,#B282DD,#C47036,#47C99E,#69D791,#36C484,#2A69E6,#57332C,#369AC4,#366DC4,#573B30,#DE5076,#C44C36,#3D2B57,#C43667,#36C4C0,#C43644,#C48836,#C4AB36,#C38849,#91949C,#5B36C4,#4B505B,#D0505B",
            "gradient": false,
            "animations": true,
            "dateSeries--disabled": true,
            "tooltipDisabled": null,
            "label": null,
            "dateSeries": null,
            "dateFormat": null,
            "dateGroup": null,
            "cumulative": null,
            "xAxis": null,
            "yAxis": null,
            "legend": null,
            "legendPositionDown": null,
            "showXAxisLabel": null,
            "showYAxisLabel": null,
            "xAxisLabel": null,
            "yAxisLabel": null,
            "xScaleMin": null,
            "xScaleMax": null,
            "roundDomains": null,
            "showGridLines": null,
            "legendTitle": null,
            "trimXAxisTicks": null,
            "maxXAxisTickLength": null,
            "trimYAxisTicks": null,
            "maxYAxisTickLength": null,
            "rotateXAxisTicks": null,
            "noBarWhenZero": null,
            "showDataLabel": null,
            "barPadding": null,
            "roundEdges": null,
            "innerPadding": null,
            "cardColor": null,
            "textColor": null
          },
          "rows": 3,
          "cols": 8,
          "x": 0,
          "y": 0,
          "filters": [
            {
              "name": "myFilter",
              "logicalOperator": "AND",
              "configs": [
                {
                  "field": "issueTypeName",
                  "op": "matches",
                  "value": "Bug",
                  "maxValue": ""
                }
              ],
              "active": true
            }
          ]
        },
        {
          "_id": {
            "$oid": "6310496b3960062fd7775ad7"
          },
          "description": "Defects by Severity - Bar chart",
          "type": "bar-chart-horizontal",
          "itemGroup": "datachart",
          "options": {
            "title": "Defects by Priority",
            "colors": "#365EC4,#366DC4,#63CC98,#573345,#C38849,#C7BC97,#C46536,#91949C,#DE5076,#C48836,#7F36C4,#573B30,#D06250,#57332C,#C49236,#69D791,#4E3C25,#D76973,#C43667,#47C99E,#BD572F,#C43668,#C43644,#4B573F,#C44136,#364AC4,#C4AB36,#A369D7,#36C4A7,#5B36C4,#82DDA3,#4B505B,#369AC4,#36BDC4,#C44C36,#D0505B,#36C484,#B282DD,#313A57,#C47036,#3D2B57,#4F4E73,#2A69E6,#C95837,#36C4C0",
            "gradient": true,
            "xAxis": true,
            "yAxis": true,
            "legend": false,
            "legendPositionDown": false,
            "showXAxisLabel": true,
            "showYAxisLabel": true,
            "xAxisLabel": "Count of Defects",
            "yAxisLabel": "Priority",
            "xScaleMin": "",
            "roundDomains": true,
            "animations": true,
            "showGridLines": true,
            "trimXAxisTicks": false,
            "noBarWhenZero": true,
            "showDataLabel": true,
            "dateSeries--disabled": true,
            "dateSeries": null,
            "dateFormat": null,
            "dateGroup": null,
            "cumulative": null,
            "xScaleMax": null,
            "legendTitle": null,
            "tooltipDisabled": null,
            "maxXAxisTickLength": null,
            "trimYAxisTicks": null,
            "maxYAxisTickLength": null,
            "rotateXAxisTicks": null,
            "barPadding": null,
            "roundEdges": null,
            "label": null
          },
          "rows": 3,
          "cols": 4,
          "x": 8,
          "y": 0,
          "filters": [
            {
              "name": "myFilter",
              "logicalOperator": "AND",
              "configs": [
                {
                  "field": "issueTypeName",
                  "op": "matches",
                  "value": "Bug",
                  "maxValue": ""
                }
              ],
              "active": true
            }
          ]
        },
        {
          "_id": {
            "$oid": "632a76ae7f171e41679eadc3"
          },
          "type": "card-chart",
          "itemGroup": "datachart",
          "options": {
            "title": "Defect Rejected Rate",
            "colors": "#A369D7,#91949C,#4F4E73,#D06250,#82DDA3,#C38849,#36C484,#47C99E,#5B36C4,#BD572F,#573345,#C4AB36,#4B505B,#C44C36,#63CC98,#573B30,#C95837,#D76973,#C46536,#57332C,#313A57,#69D791,#C43668,#D0505B,#365EC4,#3D2B57,#C7BC97,#7F36C4,#C49236,#DE5076,#C47036,#C44136,#B282DD,#2A69E6",
            "animations": true,
            "innerPadding": 0,
            "cardColor": "",
            "dateSeries--disabled": true,
            "textColor": null,
            "dateSeries": null,
            "dateFormat": null,
            "dateGroup": null,
            "cumulative": null,
            "gradient": null,
            "xAxis": null,
            "yAxis": null,
            "legend": null,
            "legendPositionDown": null,
            "showXAxisLabel": null,
            "showYAxisLabel": null,
            "xAxisLabel": null,
            "yAxisLabel": null,
            "xScaleMin": null,
            "xScaleMax": null,
            "roundDomains": null,
            "showGridLines": null,
            "legendTitle": null,
            "tooltipDisabled": null,
            "trimXAxisTicks": null,
            "maxXAxisTickLength": null,
            "trimYAxisTicks": null,
            "maxYAxisTickLength": null,
            "rotateXAxisTicks": null,
            "noBarWhenZero": null,
            "showDataLabel": null,
            "barPadding": null,
            "roundEdges": null
          },
          "rows": 3,
          "cols": 4,
          "x": 12,
          "y": 0,
          "filters": [],
          "metricName": "Jira_defect_open_Rate",
          "metricCategory": "derived"
        },
        {
          "_id": {
            "$oid": "632a76ae7f171e41679eadc3"
          },
          "type": "card-chart",
          "itemGroup": "datachart",
          "options": {
            "title": "Defect Re-Opened Rate",
            "colors": "4E3C25,#C48836,#C43644,#36C4C0,#369AC4,#C43667,#A369D7,#91949C,#4F4E73,#D06250,#82DDA3,#C38849,#36C484,#47C99E,#5B36C4,#BD572F,#573345,#C4AB36,#4B505B,#C44C36,#63CC98,#573B30,#C95837,#D76973,#C46536,#57332C,#313A57,#69D791,#C43668,#D0505B,#365EC4,#3D2B57,#C7BC97,#7F36C4,#C49236,#DE5076,#C47036,#C44136,#B282DD,#2A69E6",
            "animations": true,
            "innerPadding": 0,
            "cardColor": "",
            "dateSeries--disabled": true,
            "textColor": null,
            "dateSeries": null,
            "dateFormat": null,
            "dateGroup": null,
            "cumulative": null,
            "gradient": null,
            "xAxis": null,
            "yAxis": null,
            "legend": null,
            "legendPositionDown": null,
            "showXAxisLabel": null,
            "showYAxisLabel": null,
            "xAxisLabel": null,
            "yAxisLabel": null,
            "xScaleMin": null,
            "xScaleMax": null,
            "roundDomains": null,
            "showGridLines": null,
            "legendTitle": null,
            "tooltipDisabled": null,
            "trimXAxisTicks": null,
            "maxXAxisTickLength": null,
            "trimYAxisTicks": null,
            "maxYAxisTickLength": null,
            "rotateXAxisTicks": null,
            "noBarWhenZero": null,
            "showDataLabel": null,
            "barPadding": null,
            "roundEdges": null
          },
          "rows": 3,
          "cols": 4,
          "x": 8,
          "y": 3,
          "filters": [],
          "metricName": "Jira_defect_open_Rate",
          "metricCategory": "derived"
        },
        {
          "_id": {
            "$oid": "632a76ae7f171e41679eadc3"
          },
          "type": "card-chart",
          "itemGroup": "datachart",
          "options": {
            "title": "Test Effectiveness",
            "colors": "#366DC4,#364AC4,#36C4A7,#4B573F,#4E3C25,#C48836,#C43644,#36C4C0,#369AC4,#C43667,#A369D7,#91949C,#4F4E73,#D06250,#82DDA3,#C38849,#36C484,#47C99E,#5B36C4,#BD572F,#573345,#C4AB36,#4B505B,#C44C36,#63CC98,#573B30,#C95837,#D76973,#C46536,#57332C,#313A57,#69D791,#C43668,#D0505B,#365EC4,#3D2B57,#C7BC97,#7F36C4,#C49236,#DE5076,#C47036,#C44136,#B282DD,#2A69E6",
            "animations": true,
            "innerPadding": 0,
            "cardColor": "",
            "dateSeries--disabled": true,
            "textColor": null
          },
          "rows": 3,
          "cols": 4,
          "x": 12,
          "y": 6,
          "filters": [],
          "metricName": "Jira_defect_open_Rate",
          "metricCategory": "derived"
        },
        {
          "_id": {
            "$oid": "632a76ae7f171e41679eadc3"
          },
          "type": "card-chart",
          "itemGroup": "datachart",
          "options": {
            "title": "Quality of Fixes",
            "colors": "#4B573F,#4E3C25,#C48836,#C43644,#36C4C0,#369AC4,#C43667,#A369D7,#91949C,#4F4E73,#D06250,#82DDA3,#C38849,#36C484,#47C99E,#5B36C4,#BD572F,#573345,#C4AB36,#4B505B,#C44C36,#63CC98,#573B30,#C95837,#D76973,#C46536,#57332C,#313A57,#69D791,#C43668,#D0505B,#365EC4,#3D2B57,#C7BC97,#7F36C4,#C49236,#DE5076,#C47036,#C44136,#B282DD,#2A69E6",
            "animations": true,
            "innerPadding": 0,
            "cardColor": "",
            "dateSeries--disabled": true,
            "textColor": null
          },
          "rows": 3,
          "cols": 4,
          "x": 8,
          "y": 6,
          "filters": [],
          "metricName": "Jira_defect_open_Rate",
          "metricCategory": "derived"
        },
        {
          "_id": {
            "$oid": "632a76ae7f171e41679eadc3"
          },
          "type": "card-chart",
          "itemGroup": "datachart",
          "options": {
            "title": "Defect Leakage",
            "colors": "#36C4A7,#4B573F,#4E3C25,#C48836,#C43644,#36C4C0,#369AC4,#C43667,#A369D7,#91949C,#4F4E73,#D06250,#82DDA3,#C38849,#36C484,#47C99E,#5B36C4,#BD572F,#573345,#C4AB36,#4B505B,#C44C36,#63CC98,#573B30,#C95837,#D76973,#C46536,#57332C,#313A57,#69D791,#C43668,#D0505B,#365EC4,#3D2B57,#C7BC97,#7F36C4,#C49236,#DE5076,#C47036,#C44136,#B282DD,#2A69E6",
            "animations": true,
            "innerPadding": 0,
            "cardColor": "",
            "dateSeries--disabled": true,
            "textColor": null
          },
          "rows": 3,
          "cols": 4,
          "x": 12,
          "y": 3,
          "filters": [],
          "metricName": "Jira_defect_open_Rate",
          "metricCategory": "derived"
        }
      ]
    }
  ],
  "createdUser": "sample@cts.com",
  "createdDate": {
    "$date": {
      "$numberLong": "1663752234326"
    }
  },
  "lastModifiedUser": "sample@cts.com",
  "lastModifiedDate": {
    "$date": {
      "$numberLong": "1663752787867"
    }
  },
  "_class": "com.cognizant.ciqdashboardapi.models.CIQDashboard"
},{
  "_id": {
    "$oid": "6311badd858175e5fd45cd56"
  },
  "name": "Requirement Template",
  "category": "PRJ",
  "active": false,
  "openAccess": false,
  "pages": [
    {
      "name": "Requirement Page",
      "gridConfig": {
        "rows": 16,
        "columns": 16,
        "margin": 0
      },
      "active": true,
      "items": [
        {
          "_id": {
            "$oid": "6311bf733960062fd7775adb"
          },
          "description": "new item",
          "type": "pie-chart-advanced",
          "itemGroup": "datachart",
          "options": {
            "title": "Story By Status",
            "colors": "#365EC4,#4F4E73,#63CC98,#C43644,#C44136,#C43667,#82DDA3,#369AC4,#63CC98,#57332C,#313A57,#2A69E6,#D76973,#C47036,#47C99E,#366DC4,#573B30,#A369D7,#C4AB36,#36BDC4,#C49236,#573345,#4E3C25,#C38849,#365EC4,#C7BC97,#4B505B,#DE5076,#36C4A7,#B282DD,#7F36C4,#4B573F,#36C4C0,#5B36C4,#3D2B57,#D0505B,#364AC4,#C48836,#91949C,#C95837,#69D791,#C46536,#C43668,#C44C36,#36C484,#BD572F,#D06250",
            "animations": true,
            "dateSeries--disabled": true,
            "gradient": null,
            "tooltipDisabled": null,
            "label": null,
            "dateSeries": null,
            "dateFormat": null,
            "dateGroup": null,
            "cumulative": null,
            "xAxis": null,
            "yAxis": null,
            "legend": null,
            "legendPositionDown": null,
            "showXAxisLabel": null,
            "showYAxisLabel": null,
            "xAxisLabel": null,
            "yAxisLabel": null,
            "yScaleMin": null,
            "yScaleMax": null,
            "roundDomains": null,
            "showGridLines": null,
            "legendTitle": null,
            "trimXAxisTicks": null,
            "maxXAxisTickLength": null,
            "trimYAxisTicks": null,
            "maxYAxisTickLength": null,
            "rotateXAxisTicks": null,
            "noBarWhenZero": null,
            "showDataLabel": null,
            "barPadding": null,
            "roundEdges": null,
            "innerPadding": null,
            "cardColor": null,
            "textColor": null,
            "showLabels": null,
            "trimLabels": null,
            "maxLabelLength": null,
            "doughnut": null,
            "explodeSlices": null
          },
          "rows": 3,
          "cols": 7,
          "x": 4,
          "y": 0,
          "filters": [
            {
              "name": "myFilter",
              "logicalOperator": "AND",
              "configs": [
                {
                  "field": "issueTypeName",
                  "op": "matches",
                  "value": "Story",
                  "maxValue": ""
                }
              ],
              "active": true
            }
          ]
        },
        {
          "_id": {
            "$oid": "6311c2a93960062fd7775add"
          },
          "description": "new item",
          "type": "bar-chart-vertical",
          "itemGroup": "datachart",
          "options": {
            "title": "Story by Priority",
            "colors": "#7F36C4,#313A57,#D76973,#365EC4,#D0505B,#C49236,#C48836,#364AC4,#36BDC4,#C7BC97,#DE5076,#C4AB36,#C38849,#63CC98,#A369D7,#4E3C25,#369AC4,#D06250,#C44C36,#36C4A7,#BD572F,#2A69E6,#4B573F,#366DC4,#B282DD,#573B30,#4B505B,#57332C,#C47036,#91949C,#C46536,#C43667,#82DDA3,#573345,#47C99E,#C44136,#4F4E73,#69D791,#36C484,#C43644,#5B36C4,#C95837,#C43668,#36C4C0,#3D2B57",
            "gradient": true,
            "xAxis": true,
            "yAxis": true,
            "legendPositionDown": true,
            "showXAxisLabel": true,
            "showYAxisLabel": true,
            "xAxisLabel": "Priority",
            "yAxisLabel": "Stories Count",
            "roundDomains": true,
            "animations": true,
            "showGridLines": true,
            "noBarWhenZero": true,
            "showDataLabel": true,
            "roundEdges": true,
            "dateSeries--disabled": true,
            "dateSeries": null,
            "dateFormat": null,
            "dateGroup": null,
            "cumulative": null,
            "legend": null,
            "yScaleMin": null,
            "yScaleMax": null,
            "legendTitle": null,
            "tooltipDisabled": null,
            "trimXAxisTicks": null,
            "maxXAxisTickLength": null,
            "trimYAxisTicks": null,
            "maxYAxisTickLength": null,
            "rotateXAxisTicks": null,
            "barPadding": null,
            "label": null
          },
          "rows": 3,
          "cols": 5,
          "x": 11,
          "y": 0,
          "filters": [
            {
              "name": "myFilter",
              "logicalOperator": "AND",
              "configs": [
                {
                  "field": "issueTypeName",
                  "op": "matches",
                  "value": "Story",
                  "maxValue": ""
                }
              ],
              "active": true
            }
          ]
        },
        {
          "_id": {
            "$oid": "632a93647f171e41679eadce"
          },
          "description": "new item",
          "type": "pie-chart",
          "itemGroup": "datachart",
          "options": {
            "title": "Requirements By Type",
            "colors": "#4B573F,#365EC4,#7F36C4,#36C484,#57332C,#36BDC4,#D06250,#B282DD,#82DDA3,#C4AB36,#C43644,#C44136,#2A69E6,#A369D7,#BD572F,#63CC98,#573345,#C46536,#C47036,#4E3C25,#5B36C4,#D76973,#36C4C0,#C7BC97,#C48836,#366DC4,#47C99E,#C44C36,#C43667,#D0505B,#313A57,#364AC4,#69D791,#36C4A7,#C95837,#C43668,#369AC4,#573B30,#4F4E73,#C49236,#91949C,#C38849,#4B505B,#DE5076,#3D2B57",
            "legendPositionDown": true,
            "animations": true,
            "showLabels": true,
            "doughnut": true,
            "gradient": null,
            "legend": null,
            "legendTitle": null,
            "tooltipDisabled": null,
            "trimLabels": null,
            "maxLabelLength": null,
            "explodeSlices": null
          },
          "rows": 4,
          "cols": 5,
          "x": 6,
          "y": 7,
          "filters": []
        },
        {
          "_id": {
            "$oid": "632a76ae7f171e41679eadc3"
          },
          "type": "card-chart",
          "itemGroup": "datachart",
          "options": {
            "title": "Requirement Stability Index",
            "colors": "#36BDC4,#366DC4,#364AC4,#36C4A7,#4B573F,#4E3C25,#C48836,#C43644,#36C4C0,#369AC4,#C43667,#A369D7,#91949C,#4F4E73,#D06250,#82DDA3,#C38849,#36C484,#47C99E,#5B36C4,#BD572F,#573345,#C4AB36,#4B505B,#C44C36,#63CC98,#573B30,#C95837,#D76973,#C46536,#57332C,#313A57,#69D791,#C43668,#D0505B,#365EC4,#3D2B57,#C7BC97,#7F36C4,#C49236,#DE5076,#C47036,#C44136,#B282DD,#2A69E6",
            "animations": true,
            "innerPadding": 0,
            "cardColor": "",
            "textColor": null,
            "dateSeries": null,
            "dateFormat": null,
            "dateGroup": null,
            "cumulative": null,
            "gradient": null,
            "xAxis": null,
            "yAxis": null,
            "legend": null,
            "legendPositionDown": null,
            "showXAxisLabel": null,
            "showYAxisLabel": null,
            "xAxisLabel": null,
            "yAxisLabel": null,
            "yScaleMin": null,
            "yScaleMax": null,
            "roundDomains": null,
            "showGridLines": null,
            "legendTitle": null,
            "tooltipDisabled": null,
            "trimXAxisTicks": null,
            "maxXAxisTickLength": null,
            "trimYAxisTicks": null,
            "maxYAxisTickLength": null,
            "rotateXAxisTicks": null,
            "noBarWhenZero": null,
            "showDataLabel": null,
            "barPadding": null,
            "roundEdges": null,
            "label": null
          },
          "rows": 3,
          "cols": 4,
          "x": 0,
          "y": 0,
          "filters": []
        },
        {
          "_id": {
            "$oid": "6311caef3960062fd7775ae6"
          },
          "description": "new item",
          "type": "tree-map-chart",
          "itemGroup": "datachart",
          "options": {
            "title": "Story - Tree Map",
            "colors": "#69D791,#5B36C4,#365EC4,#573B30,#369AC4,#C44C36,#313A57,#D0505B,#2A69E6,#BD572F,#C7BC97,#C43668,#36C4A7,#C49236,#364AC4,#36C484,#C46536,#C4AB36,#A369D7,#63CC98,#C47036,#36C4C0,#7F36C4,#D76973,#82DDA3,#366DC4,#B282DD,#57332C,#D06250,#4E3C25,#4F4E73,#C43667,#DE5076,#4B505B,#C43644,#91949C,#C44136,#36BDC4,#C95837,#47C99E,#4B573F,#573345,#C48836,#3D2B57,#C38849",
            "gradient": null,
            "animations": null,
            "tooltipDisabled": null
          },
          "rows": 8,
          "cols": 6,
          "x": 0,
          "y": 3,
          "filters": [
            {
              "name": "myFilter",
              "logicalOperator": "AND",
              "configs": [
                {
                  "field": "issueTypeName",
                  "op": "matches",
                  "value": "Story",
                  "maxValue": ""
                }
              ],
              "active": true
            }
          ]
        },
        {
          "_id": {
            "$oid": "632a94967f171e41679eadcf"
          },
          "description": "new item",
          "type": "pie-chart",
          "itemGroup": "datachart",
          "options": {
            "title": "Requirements By Coverage Status",
            "colors": "#2A69E6,#57332C,#91949C,#C43667,#A369D7,#5B36C4,#4F4E73,#C44136,#BD572F,#C44C36,#4B505B,#4E3C25,#C49236,#C43644,#573345,#573B30,#69D791,#364AC4,#313A57,#82DDA3,#DE5076,#4B573F,#36C4C0,#B282DD,#C47036,#C43668,#C46536,#D0505B,#47C99E,#369AC4,#36C484,#36C4A7,#36BDC4,#C4AB36,#C7BC97,#D06250,#C48836,#C38849,#3D2B57,#7F36C4,#366DC4,#C95837,#D76973,#365EC4,#63CC98",
            "legendPositionDown": true,
            "animations": true,
            "showLabels": true,
            "gradient": null,
            "legend": null,
            "legendTitle": null,
            "tooltipDisabled": null,
            "trimLabels": null,
            "maxLabelLength": null,
            "doughnut": null,
            "explodeSlices": null
          },
          "rows": 4,
          "cols": 5,
          "x": 11,
          "y": 3,
          "filters": []
        },
        {
          "_id": {
            "$oid": "632a951c7f171e41679eadd0"
          },
          "description": "new item",
          "type": "bar-chart-horizontal",
          "itemGroup": "datachart",
          "options": {
            "title": "Release Vs. Requirements",
            "colors": "#36C4C0,#36BDC4,#BD572F,#57332C,#D0505B,#4B505B,#C49236,#4F4E73,#369AC4,#C4AB36,#36C4A7,#5B36C4,#C95837,#B282DD,#313A57,#C44136,#C46536,#C43668,#A369D7,#C48836,#364AC4,#36C484,#3D2B57,#69D791,#C43667,#C43644,#C7BC97,#D06250,#DE5076,#366DC4,#2A69E6,#D76973,#573345,#C44C36,#7F36C4,#91949C,#365EC4,#63CC98,#573B30,#4E3C25,#47C99E,#C38849,#4B573F,#C47036,#82DDA3",
            "xAxis": true,
            "yAxis": true,
            "legendPositionDown": true,
            "showXAxisLabel": true,
            "showYAxisLabel": true,
            "xAxisLabel": "Requirements Count",
            "yAxisLabel": "Releases",
            "animations": true,
            "showGridLines": true,
            "noBarWhenZero": true,
            "showDataLabel": true,
            "roundEdges": true,
            "dateSeries--disabled": true,
            "dateSeries": null,
            "dateFormat": null,
            "dateGroup": null,
            "cumulative": null,
            "gradient": null,
            "legend": null,
            "xScaleMin": null,
            "xScaleMax": null,
            "roundDomains": null,
            "legendTitle": null,
            "tooltipDisabled": null,
            "trimXAxisTicks": null,
            "maxXAxisTickLength": null,
            "trimYAxisTicks": null,
            "maxYAxisTickLength": null,
            "rotateXAxisTicks": null,
            "barPadding": null
          },
          "rows": 4,
          "cols": 5,
          "x": 6,
          "y": 3,
          "filters": []
        },
        {
          "_id": {
            "$oid": "632a97bd7f171e41679eadd1"
          },
          "description": "new item",
          "type": "bar-chart-vertical",
          "itemGroup": "datachart",
          "options": {
            "title": "Epics Vs. Story",
            "colors": "#82DDA3,#C38849,#573B30,#313A57,#69D791,#5B36C4,#C43668,#C44136,#36C484,#366DC4,#C47036,#C43644,#91949C,#2A69E6,#D76973,#DE5076,#C46536,#C44C36,#4E3C25,#C49236,#A369D7,#573345,#7F36C4,#369AC4,#C43667,#4F4E73,#63CC98,#364AC4,#C7BC97,#36BDC4,#C95837,#3D2B57,#36C4A7,#C4AB36,#36C4C0,#47C99E,#D0505B,#BD572F,#C48836,#4B573F,#4B505B,#365EC4,#D06250,#57332C,#B282DD",
            "xAxis": true,
            "yAxis": true,
            "legendPositionDown": true,
            "showXAxisLabel": true,
            "showYAxisLabel": true,
            "xAxisLabel": "Epics",
            "yAxisLabel": "Stories Count",
            "animations": true,
            "showDataLabel": true,
            "roundEdges": true,
            "dateSeries--disabled": true,
            "dateSeries": null,
            "dateFormat": null,
            "dateGroup": null,
            "cumulative": null,
            "gradient": null,
            "legend": null,
            "yScaleMin": null,
            "yScaleMax": null,
            "roundDomains": null,
            "showGridLines": null,
            "legendTitle": null,
            "tooltipDisabled": null,
            "trimXAxisTicks": null,
            "maxXAxisTickLength": null,
            "trimYAxisTicks": null,
            "maxYAxisTickLength": null,
            "rotateXAxisTicks": null,
            "noBarWhenZero": null,
            "barPadding": null
          },
          "rows": 4,
          "cols": 5,
          "x": 11,
          "y": 7,
          "filters": [
            {
              "name": "myFilter",
              "logicalOperator": "AND",
              "configs": [
                {
                  "field": "issueTypeName",
                  "op": "matches",
                  "value": "Epic",
                  "maxValue": ""
                }
              ],
              "active": true
            }
          ]
        }
      ]
    }
  ],
  "createdUser": "sample@cts.com",
  "createdDate": {
    "$date": {
      "$numberLong": "1663734181539"
    }
  },
  "lastModifiedUser": "sample@cts.com",
  "lastModifiedDate": {
    "$date": {
      "$numberLong": "1663736282546"
    }
  },
  "_class": "com.cognizant.ciqdashboardapi.models.CIQDashboard"
},{
  "_id": {
    "$oid": "632a785b858175e5fd527e3c"
  },
  "name": "Design Template",
  "category": "PRJ",
  "active": true,
  "openAccess": false,
  "pages": [
    {
      "name": "Design Page",
      "gridConfig": {
        "rows": 16,
        "columns": 16,
        "margin": 0
      },
      "active": true,
      "items": [
        {
          "_id": {
            "$oid": "632a6e587f171e41679eadbe"
          },
          "description": "new item",
          "type": "bar-chart-horizontal",
          "itemGroup": "datachart",
          "options": {
            "title": "Test By Design Status",
            "colors": "#36C4C0,#4E3C25,#4B505B,#69D791,#C43667,#4B573F,#365EC4,#C95837,#C44C36,#369AC4,#2A69E6,#47C99E,#D06250,#C46536,#A369D7,#3D2B57,#B282DD,#C7BC97,#5B36C4,#C48836,#C49236,#36C484,#7F36C4,#C43668,#63CC98,#36BDC4,#91949C,#DE5076,#36C4A7,#313A57,#C43644,#C44136,#D76973,#4F4E73,#D0505B,#C38849,#573B30,#364AC4,#82DDA3,#BD572F,#C4AB36,#C47036,#366DC4,#573345",
            "gradient": true,
            "xAxis": true,
            "yAxis": true,
            "legend": true,
            "legendPositionDown": true,
            "showXAxisLabel": true,
            "showYAxisLabel": true,
            "xAxisLabel": "Tests Count",
            "yAxisLabel": "Design Status",
            "roundDomains": true,
            "animations": true,
            "showGridLines": true,
            "rotateXAxisTicks": true,
            "noBarWhenZero": true,
            "showDataLabel": true,
            "roundEdges": true,
            "dateSeries--disabled": true,
            "dateSeries": null,
            "dateFormat": null,
            "dateGroup": null,
            "cumulative": null,
            "xScaleMin": null,
            "xScaleMax": null,
            "legendTitle": null,
            "tooltipDisabled": null,
            "trimXAxisTicks": null,
            "maxXAxisTickLength": null,
            "trimYAxisTicks": null,
            "maxYAxisTickLength": null,
            "barPadding": null,
            "label": null
          },
          "rows": 3,
          "cols": 5,
          "x": 11,
          "y": 3,
          "filters": []
        },
        {
          "_id": {
            "$oid": "632a6f627f171e41679eadbf"
          },
          "description": "new item",
          "type": "bar-chart-vertical",
          "itemGroup": "datachart",
          "options": {
            "title": "Test By Priority",
            "colors": "#365EC4,#47C99E,#C4AB36,#4E3C25,#4B573F,#D0505B,#D06250,#BD572F,#C43668,#C95837,#91949C,#369AC4,#C43644,#DE5076,#C46536,#C43667,#36C4C0,#C38849,#2A69E6,#36C4A7,#573345,#36C484,#D76973,#364AC4,#C49236,#366DC4,#4B505B,#36BDC4,#3D2B57,#7F36C4,#69D791,#57332C,#C7BC97,#A369D7,#B282DD,#C48836,#313A57,#63CC98,#C44C36,#573B30,#5B36C4,#82DDA3,#4F4E73,#C44136",
            "gradient": true,
            "xAxis": true,
            "yAxis": true,
            "legend": true,
            "legendPositionDown": true,
            "showXAxisLabel": true,
            "showYAxisLabel": true,
            "xAxisLabel": "Priority",
            "yAxisLabel": "Test Count",
            "roundDomains": true,
            "animations": true,
            "noBarWhenZero": true,
            "showDataLabel": true,
            "roundEdges": true,
            "dateSeries--disabled": true,
            "dateSeries": null,
            "dateFormat": null,
            "dateGroup": null,
            "cumulative": null,
            "yScaleMin": null,
            "yScaleMax": null,
            "showGridLines": null,
            "legendTitle": null,
            "tooltipDisabled": null,
            "trimXAxisTicks": null,
            "maxXAxisTickLength": null,
            "trimYAxisTicks": null,
            "maxYAxisTickLength": null,
            "rotateXAxisTicks": null,
            "barPadding": null,
            "xScaleMin": null,
            "xScaleMax": null
          },
          "rows": 3,
          "cols": 4,
          "x": 7,
          "y": 6,
          "filters": []
        },
        {
          "_id": {
            "$oid": "632a702c7f171e41679eadc0"
          },
          "description": "new item",
          "type": "pie-chart",
          "itemGroup": "datachart",
          "options": {
            "title": "Test By Type",
            "colors": "#364AC4,#36C4A7,#C4AB36,#573345,#C95837,#573B30,#C43644,#4B505B,#57332C,#369AC4,#36C484,#C43668,#47C99E,#3D2B57,#2A69E6,#C49236,#82DDA3,#313A57,#36C4C0,#B282DD,#366DC4,#C38849,#5B36C4,#91949C,#C44136,#C46536,#63CC98,#DE5076,#4E3C25,#BD572F,#C44C36,#D06250,#69D791,#C43667,#36BDC4,#D0505B,#A369D7,#4F4E73,#D76973,#C7BC97,#7F36C4,#4B573F,#C47036,#365EC4,#C48836",
            "gradient": true,
            "legend": false,
            "legendPositionDown": false,
            "animations": true,
            "showLabels": true,
            "trimLabels": false,
            "doughnut": true,
            "explodeSlices": false,
            "legendTitle": null,
            "tooltipDisabled": null,
            "maxLabelLength": null,
            "dateSeries": null,
            "dateFormat": null,
            "dateGroup": null,
            "cumulative": null,
            "xAxis": null,
            "yAxis": null,
            "showXAxisLabel": null,
            "showYAxisLabel": null,
            "xAxisLabel": null,
            "yAxisLabel": null,
            "xScaleMin": null,
            "xScaleMax": null,
            "roundDomains": null,
            "showGridLines": null,
            "trimXAxisTicks": null,
            "maxXAxisTickLength": null,
            "trimYAxisTicks": null,
            "maxYAxisTickLength": null,
            "rotateXAxisTicks": null,
            "noBarWhenZero": null,
            "showDataLabel": null,
            "barPadding": null,
            "roundEdges": null
          },
          "rows": 3,
          "cols": 4,
          "x": 7,
          "y": 3,
          "filters": []
        },
        {
          "_id": {
            "$oid": "632a73f47f171e41679eadc1"
          },
          "description": "new item",
          "type": "tree-map-chart",
          "itemGroup": "datachart",
          "options": {
            "title": "Design - Type Vs. Status",
            "colors": "#C44136,#C49236,#4B573F,#C47036,#366DC4,#573B30,#369AC4,#B282DD,#63CC98,#2A69E6,#573345,#36C484,#BD572F,#364AC4,#C43668,#C43667,#C38849,#5B36C4,#313A57,#4B505B,#C44C36,#DE5076,#57332C,#69D791,#7F36C4,#47C99E,#D76973,#D06250,#36BDC4,#D0505B,#36C4A7,#3D2B57,#C95837,#A369D7,#91949C,#36C4C0,#C4AB36,#C43644,#C7BC97,#82DDA3,#C46536,#C48836,#4F4E73,#365EC4,#4E3C25",
            "gradient": true,
            "animations": true,
            "tooltipDisabled": null
          },
          "rows": 6,
          "cols": 7,
          "x": 0,
          "y": 3,
          "filters": []
        },
        {
          "_id": {
            "$oid": "632a75a47f171e41679eadc2"
          },
          "description": "new item",
          "type": "pie-chart-advanced",
          "itemGroup": "datachart",
          "options": {
            "title": "Test By Designer",
            "colors": "#C7BC97,#C43644,#4E3C25,#573B30,#36C4C0,#36C4A7,#D06250,#3D2B57,#365EC4,#47C99E,#B282DD,#C4AB36,#4B505B,#63CC98,#7F36C4,#D0505B,#C95837,#A369D7,#36BDC4,#4F4E73,#C38849,#57332C,#BD572F,#C47036,#DE5076,#313A57,#C44C36,#82DDA3,#C43668,#C49236,#573345,#366DC4,#C46536,#2A69E6,#369AC4,#364AC4,#36C484,#D76973,#C44136,#91949C,#C43667,#4B573F,#5B36C4,#C48836,#69D791",
            "gradient": false,
            "animations": true,
            "tooltipDisabled": false,
            "dateSeries--disabled": true,
            "label": null
          },
          "rows": 3,
          "cols": 5,
          "x": 11,
          "y": 6,
          "filters": []
        },
        {
          "_id": {
            "$oid": "632a76ae7f171e41679eadc3"
          },
          "description": "new item",
          "type": "card-chart",
          "itemGroup": "datachart",
          "options": {
            "title": "Design Coverage",
            "colors": "#36BDC4,#366DC4,#364AC4,#36C4A7,#4B573F,#4E3C25,#C48836,#C43644,#36C4C0,#369AC4,#C43667,#A369D7,#91949C,#4F4E73,#D06250,#82DDA3,#C38849,#36C484,#47C99E,#5B36C4,#BD572F,#573345,#C4AB36,#4B505B,#C44C36,#63CC98,#573B30,#C95837,#D76973,#C46536,#57332C,#313A57,#69D791,#C43668,#D0505B,#365EC4,#3D2B57,#C7BC97,#7F36C4,#C49236,#DE5076,#C47036,#C44136,#B282DD,#2A69E6",
            "animations": true,
            "innerPadding": 0,
            "cardColor": "",
            "dateSeries--disabled": true,
            "textColor": null
          },
          "rows": 3,
          "cols": 4,
          "x": 0,
          "y": 0,
          "filters": []
        },
        {
          "_id": {
            "$oid": "632a76ae7f171e41679eadc3"
          },
          "type": "card-chart",
          "itemGroup": "datachart",
          "options": {
            "title": "Automation Coverage",
            "colors": "#364AC4,#36C4A7,#4B573F,#4E3C25,#C48836,#C43644,#36C4C0,#369AC4,#C43667,#A369D7,#91949C,#4F4E73,#D06250,#82DDA3,#C38849,#36C484,#47C99E,#5B36C4,#BD572F,#573345,#C4AB36,#4B505B,#C44C36,#63CC98,#573B30,#C95837,#D76973,#C46536,#57332C,#313A57,#69D791,#C43668,#D0505B,#365EC4,#3D2B57,#C7BC97,#7F36C4,#C49236,#DE5076,#C47036,#C44136,#B282DD,#2A69E6",
            "animations": true,
            "innerPadding": 0,
            "cardColor": "",
            "dateSeries--disabled": true,
            "textColor": null
          },
          "rows": 3,
          "cols": 4,
          "x": 4,
          "y": 0,
          "filters": []
        },
        {
          "_id": {
            "$oid": "632a76ae7f171e41679eadc3"
          },
          "type": "card-chart",
          "itemGroup": "datachart",
          "options": {
            "title": "Design Productivity",
            "colors": "#4B573F,#4E3C25,#C48836,#C43644,#36C4C0,#369AC4,#C43667,#A369D7,#91949C,#4F4E73,#D06250,#82DDA3,#C38849,#36C484,#47C99E,#5B36C4,#BD572F,#573345,#C4AB36,#4B505B,#C44C36,#63CC98,#573B30,#C95837,#D76973,#C46536,#57332C,#313A57,#69D791,#C43668,#D0505B,#365EC4,#3D2B57,#C7BC97,#7F36C4,#C49236,#DE5076,#C47036,#C44136,#B282DD,#2A69E6",
            "animations": true,
            "innerPadding": 0,
            "cardColor": "",
            "dateSeries--disabled": true,
            "textColor": null
          },
          "rows": 3,
          "cols": 4,
          "x": 8,
          "y": 0,
          "filters": []
        },
        {
          "_id": {
            "$oid": "632a76ae7f171e41679eadc3"
          },
          "type": "card-chart",
          "itemGroup": "datachart",
          "options": {
            "title": "Test Case Effectiveness",
            "colors": "#C48836,#C43644,#36C4C0,#369AC4,#C43667,#A369D7,#91949C,#4F4E73,#D06250,#82DDA3,#C38849,#36C484,#47C99E,#5B36C4,#BD572F,#573345,#C4AB36,#4B505B,#C44C36,#63CC98,#573B30,#C95837,#D76973,#C46536,#57332C,#313A57,#69D791,#C43668,#D0505B,#365EC4,#3D2B57,#C7BC97,#7F36C4,#C49236,#DE5076,#C47036,#C44136,#B282DD,#2A69E6",
            "animations": true,
            "innerPadding": 0,
            "cardColor": "",
            "dateSeries--disabled": true,
            "textColor": null
          },
          "rows": 3,
          "cols": 4,
          "x": 12,
          "y": 0,
          "filters": []
        }
      ]
    }
  ],
  "createdUser": "sample@cts.com",
  "createdDate": {
    "$date": {
      "$numberLong": "1663724755672"
    }
  },
  "lastModifiedUser": "sample@cts.com",
  "lastModifiedDate": {
    "$date": {
      "$numberLong": "1663727684673"
    }
  },
  "_class": "com.cognizant.ciqdashboardapi.models.CIQDashboard"
},{
  "_id": {
    "$oid": "632a8fee858175e5fd52a9bb"
  },
  "name": "Execution Template",
  "category": "PRJ",
  "active": false,
  "openAccess": false,
  "pages": [
    {
      "name": "Execution Page",
      "gridConfig": {
        "rows": 16,
        "columns": 16,
        "margin": 0
      },
      "active": true,
      "items": [
        {
          "_id": {
            "$oid": "632a76ae7f171e41679eadc3"
          },
          "type": "card-chart",
          "itemGroup": "datachart",
          "options": {
            "title": "Test Execution Coverage",
            "colors": "#366DC4,#364AC4,#36C4A7,#4B573F,#4E3C25,#C48836,#C43644,#36C4C0,#369AC4,#C43667,#A369D7,#91949C,#4F4E73,#D06250,#82DDA3,#C38849,#36C484,#47C99E,#5B36C4,#BD572F,#573345,#C4AB36,#4B505B,#C44C36,#63CC98,#573B30,#C95837,#D76973,#C46536,#57332C,#313A57,#69D791,#C43668,#D0505B,#365EC4,#3D2B57,#C7BC97,#7F36C4,#C49236,#DE5076,#C47036,#C44136,#B282DD,#2A69E6",
            "animations": true,
            "innerPadding": 0,
            "cardColor": "",
            "dateSeries--disabled": true,
            "textColor": null
          },
          "rows": 3,
          "cols": 4,
          "x": 0,
          "y": 0,
          "filters": [],
          "metricName": "Jira_Defect_Rejection_Rate",
          "metricCategory": "derived"
        },
        {
          "_id": {
            "$oid": "632a76ae7f171e41679eadc3"
          },
          "type": "card-chart",
          "itemGroup": "datachart",
          "options": {
            "title": "First Time Pass Rate",
            "colors": "#4B573F,#4E3C25,#C48836,#C43644,#36C4C0,#369AC4,#C43667,#A369D7,#91949C,#4F4E73,#D06250,#82DDA3,#C38849,#36C484,#47C99E,#5B36C4,#BD572F,#573345,#C4AB36,#4B505B,#C44C36,#63CC98,#573B30,#C95837,#D76973,#C46536,#57332C,#313A57,#69D791,#C43668,#D0505B,#365EC4,#3D2B57,#C7BC97,#7F36C4,#C49236,#DE5076,#C47036,#C44136,#B282DD,#2A69E6",
            "animations": true,
            "innerPadding": 0,
            "cardColor": "",
            "dateSeries--disabled": true,
            "textColor": null
          },
          "rows": 3,
          "cols": 4,
          "x": 8,
          "y": 0,
          "filters": [],
          "metricName": "Jira_Defect_Rejection_Rate",
          "metricCategory": "rawdata"
        },
        {
          "_id": {
            "$oid": "632a7af37f171e41679eadc7"
          },
          "description": "new item",
          "type": "pie-chart-advanced",
          "itemGroup": "datachart",
          "options": {
            "title": "Execution By Status",
            "colors": "#C95837,#5B36C4,#C46536,#BD572F,#4E3C25,#C44C36,#36BDC4,#C49236,#573B30,#366DC4,#A369D7,#369AC4,#C7BC97,#D06250,#C47036,#36C484,#69D791,#47C99E,#3D2B57,#B282DD,#7F36C4,#36C4C0,#63CC98,#C43668,#364AC4,#D0505B,#C43644,#C44136,#2A69E6,#82DDA3,#C4AB36,#313A57,#C48836,#365EC4,#573345,#4B573F,#57332C,#4F4E73,#4B505B,#36C4A7,#C38849,#DE5076,#91949C,#D76973,#C43667",
            "gradient": false,
            "animations": true,
            "dateSeries--disabled": true,
            "tooltipDisabled": null,
            "label": null,
            "innerPadding": null,
            "cardColor": null,
            "textColor": null
          },
          "rows": 3,
          "cols": 12,
          "x": 0,
          "y": 3,
          "filters": [],
          "metricName": "Jira_Defect_Rejection_Rate",
          "metricCategory": "rawdata"
        },
        {
          "_id": {
            "$oid": "632a76ae7f171e41679eadc3"
          },
          "type": "card-chart",
          "itemGroup": "datachart",
          "options": {
            "title": "Test Automation Leverage",
            "colors": "#36C4A7,#4B573F,#4E3C25,#C48836,#C43644,#36C4C0,#369AC4,#C43667,#A369D7,#91949C,#4F4E73,#D06250,#82DDA3,#C38849,#36C484,#47C99E,#5B36C4,#BD572F,#573345,#C4AB36,#4B505B,#C44C36,#63CC98,#573B30,#C95837,#D76973,#C46536,#57332C,#313A57,#69D791,#C43668,#D0505B,#365EC4,#3D2B57,#C7BC97,#7F36C4,#C49236,#DE5076,#C47036,#C44136,#B282DD,#2A69E6",
            "animations": true,
            "innerPadding": 0,
            "cardColor": "",
            "textColor": null
          },
          "rows": 3,
          "cols": 4,
          "x": 4,
          "y": 0,
          "filters": [],
          "metricName": "Jira_Defect_Rejection_Rate",
          "metricCategory": "rawdata"
        },
        {
          "_id": {
            "$oid": "632a8e3d7f171e41679eadc8"
          },
          "description": "new item",
          "type": "pie-chart",
          "itemGroup": "datachart",
          "options": {
            "title": "Execution By Tester",
            "colors": "#4F4E73,#D76973,#573345,#91949C,#C38849,#C4AB36,#36C4A7,#C43644,#369AC4,#365EC4,#A369D7,#C7BC97,#DE5076,#47C99E,#D0505B,#5B36C4,#36C4C0,#57332C,#4B573F,#573B30,#7F36C4,#C46536,#364AC4,#C44136,#C95837,#C43667,#C44C36,#C49236,#4E3C25,#313A57,#366DC4,#36C484,#C48836,#36BDC4,#82DDA3,#3D2B57,#BD572F,#D06250,#B282DD,#2A69E6,#63CC98,#C43668,#4B505B,#C47036,#69D791",
            "legend": false,
            "legendPositionDown": false,
            "animations": true,
            "showLabels": true,
            "trimLabels": false,
            "doughnut": true
          },
          "rows": 3,
          "cols": 4,
          "x": 0,
          "y": 6,
          "filters": [],
          "metricName": "Jira_Defect_Rejection_Rate",
          "metricCategory": "rawdata"
        },
        {
          "_id": {
            "$oid": "632a76ae7f171e41679eadc3"
          },
          "type": "card-chart",
          "itemGroup": "datachart",
          "options": {
            "title": "Test Pass Percentage",
            "colors": "#D06250,#82DDA3,#C38849,#36C484,#47C99E,#5B36C4,#BD572F,#573345,#C4AB36,#4B505B,#C44C36,#63CC98,#573B30,#C95837,#D76973,#C46536,#57332C,#313A57,#69D791,#C43668,#D0505B,#365EC4,#3D2B57,#C7BC97,#7F36C4,#C49236,#DE5076,#C47036,#C44136,#B282DD,#2A69E6",
            "animations": true,
            "innerPadding": 0,
            "cardColor": "",
            "textColor": null,
            "gradient": null,
            "tooltipDisabled": null,
            "label": null
          },
          "rows": 3,
          "cols": 4,
          "x": 12,
          "y": 0,
          "filters": [],
          "metricName": "Jira_Defect_Rejection_Rate",
          "metricCategory": "rawdata"
        },
        {
          "_id": {
            "$oid": "632a76ae7f171e41679eadc3"
          },
          "type": "card-chart",
          "itemGroup": "datachart",
          "options": {
            "title": "Test Execution Productivity",
            "colors": "#369AC4,#C43667,#A369D7,#91949C,#4F4E73,#D06250,#82DDA3,#C38849,#36C484,#47C99E,#5B36C4,#BD572F,#573345,#C4AB36,#4B505B,#C44C36,#63CC98,#573B30,#C95837,#D76973,#C46536,#57332C,#313A57,#69D791,#C43668,#D0505B,#365EC4,#3D2B57,#C7BC97,#7F36C4,#C49236,#DE5076,#C47036,#C44136,#B282DD,#2A69E6",
            "animations": true,
            "innerPadding": 0,
            "cardColor": "",
            "textColor": null
          },
          "rows": 3,
          "cols": 4,
          "x": 4,
          "y": 6,
          "filters": [],
          "metricName": "Jira_Defect_Rejection_Rate",
          "metricCategory": "rawdata"
        },
        {
          "_id": {
            "$oid": "632a76ae7f171e41679eadc3"
          },
          "type": "card-chart",
          "itemGroup": "datachart",
          "options": {
            "title": "Test Effort Variance",
            "colors": "25,#C48836,#C43644,#36C4C0,#369AC4,#C43667,#A369D7,#91949C,#4F4E73,#D06250,#82DDA3,#C38849,#36C484,#47C99E,#5B36C4,#BD572F,#573345,#C4AB36,#4B505B,#C44C36,#63CC98,#573B30,#C95837,#D76973,#C46536,#57332C,#313A57,#69D791,#C43668,#D0505B,#365EC4,#3D2B57,#C7BC97,#7F36C4,#C49236,#DE5076,#C47036,#C44136,#B282DD,#2A69E6",
            "animations": true,
            "innerPadding": 0,
            "cardColor": "",
            "textColor": null,
            "gradient": null,
            "tooltipDisabled": null,
            "label": null
          },
          "rows": 3,
          "cols": 4,
          "x": 8,
          "y": 6,
          "filters": [],
          "metricName": "Jira_Defect_Rejection_Rate",
          "metricCategory": "rawdata"
        },
        {
          "_id": {
            "$oid": "632a76ae7f171e41679eadc3"
          },
          "type": "card-chart",
          "itemGroup": "datachart",
          "options": {
            "title": "Test Schedule Variance",
            "colors": "43667,#A369D7,#91949C,#4F4E73,#D06250,#82DDA3,#C38849,#36C484,#47C99E,#5B36C4,#BD572F,#573345,#C4AB36,#4B505B,#C44C36,#63CC98,#573B30,#C95837,#D76973,#C46536,#57332C,#313A57,#69D791,#C43668,#D0505B,#365EC4,#3D2B57,#C7BC97,#7F36C4,#C49236,#DE5076,#C47036,#C44136,#B282DD,#2A69E6",
            "animations": true,
            "innerPadding": 0,
            "cardColor": "",
            "textColor": null
          },
          "rows": 3,
          "cols": 4,
          "x": 12,
          "y": 6,
          "filters": [],
          "metricName": "Jira_Defect_Rejection_Rate",
          "metricCategory": "rawdata"
        },
        {
          "_id": {
            "$oid": "632a8f0d7f171e41679eadc9"
          },
          "type": "pie-chart",
          "itemGroup": "datachart",
          "options": {
            "title": "Passed Vs. Failed",
            "colors": "#D06250,#47C99E,#C44C36,#C43668,#2A69E6,#C46536,#4E3C25,#36C484,#365EC4,#573B30,#313A57,#4B505B,#B282DD,#36C4A7,#69D791,#63CC98,#3D2B57,#36C4C0,#C48836,#7F36C4,#364AC4,#36BDC4,#C4AB36,#BD572F,#C49236,#369AC4,#4B573F,#C7BC97,#C43667,#A369D7,#C38849,#366DC4,#82DDA3,#D76973,#5B36C4,#C44136,#C95837,#57332C,#4F4E73,#D0505B,#DE5076,#C47036,#573345,#C43644",
            "legend": false,
            "legendPositionDown": true,
            "animations": true,
            "showLabels": true,
            "doughnut": false,
            "gradient": null,
            "legendTitle": null,
            "tooltipDisabled": null,
            "trimLabels": null,
            "maxLabelLength": null,
            "explodeSlices": null
          },
          "rows": 3,
          "cols": 4,
          "x": 12,
          "y": 3,
          "filters": [
            {
              "name": "myFilter",
              "logicalOperator": "OR",
              "configs": [
                {
                  "field": "status",
                  "op": "contains",
                  "value": "Passed",
                  "maxValue": ""
                }
              ],
              "active": true
            },
            {
              "name": "myFilter",
              "logicalOperator": "OR",
              "configs": [
                {
                  "field": "status",
                  "op": "contains",
                  "value": "Failed",
                  "maxValue": ""
                }
              ],
              "active": true
            }
          ],
          "metricName": "Jira_Defect_Rejection_Rate",
          "metricCategory": "rawdata"
        }
      ]
    }
  ],
  "createdUser": "sample@cts.com",
  "createdDate": {
    "$date": {
      "$numberLong": "1663728143591"
    }
  },
  "lastModifiedUser": "sample@cts.com",
  "lastModifiedDate": {
    "$date": {
      "$numberLong": "1663733669756"
    }
  },
  "_class": "com.cognizant.ciqdashboardapi.models.CIQDashboard"
},{
  "_id": {
    "$oid": "632ae6b4858175e5fd545134"
  },
  "name": "CI-Jenkins",
  "category": "PRJ",
  "active": true,
  "openAccess": false,
  "pages": [
    {
      "name": "Jenkins",
      "gridConfig": {
        "rows": 16,
        "columns": 16,
        "margin": 0
      },
      "active": true,
      "items": [
        {
          "_id": {
            "$oid": "632ae1aee2c76f783ca0b263"
          },
          "description": "new item",
          "type": "pie-chart-advanced",
          "itemGroup": "datachart",
          "options": {
            "title": "Success Vs. Failure",
            "colors": "#36C484,#57332C,#36BDC4,#C47036,#365EC4,#4F4E73,#369AC4,#4B505B,#69D791,#D76973,#5B36C4,#63CC98,#C48836,#D06250,#313A57,#C95837,#82DDA3,#DE5076,#7F36C4,#364AC4,#C44C36,#B282DD,#C4AB36,#366DC4,#A369D7,#4E3C25,#C43667,#C49236,#3D2B57,#C7BC97,#4B573F,#573B30,#2A69E6,#47C99E,#36C4A7,#C43644,#36C4C0,#C38849,#C44136,#91949C,#573345,#BD572F,#D0505B,#C46536",
            "gradient": true,
            "animations": true,
            "dateSeries--disabled": true,
            "tooltipDisabled": null,
            "label": null,
            "innerPadding": null,
            "cardColor": null,
            "textColor": null,
            "hideHeader": null,
            "header": null,
            "compact": null,
            "maxRecords": null,
            "enablePagination": null
          },
          "rows": 3,
          "cols": 5,
          "x": 10,
          "y": 3,
          "filters": [
            {
              "name": "myFilter",
              "logicalOperator": "AND",
              "configs": [
                {
                  "field": "jobName",
                  "op": "matches",
                  "value": "RunCloudAnchorTestSuite",
                  "maxValue": ""
                }
              ],
              "active": true
            }
          ]
        },
        {
          "_id": {
            "$oid": "632ae2e3e2c76f783ca0b264"
          },
          "description": "new item",
          "type": "card-chart",
          "itemGroup": "datachart",
          "options": {
            "title": "Total Number of Builds",
            "colors": "#7F36C4,#57332C,#366DC4,#D06250,#C44C36,#573B30,#A369D7,#2A69E6,#3D2B57,#4B505B,#82DDA3,#C43668,#69D791,#B282DD,#C48836,#C43644,#63CC98,#C47036,#91949C,#5B36C4,#C38849,#C44136,#36C4A7,#C49236,#36BDC4,#C4AB36,#47C99E,#D76973,#573345,#313A57,#BD572F,#C7BC97,#4E3C25,#DE5076,#C43667,#365EC4,#D0505B,#C46536,#36C4C0,#369AC4,#4F4E73,#364AC4,#36C484,#4B573F,#C95837",
            "animations": true,
            "innerPadding": null,
            "cardColor": null,
            "textColor": null,
            "gradient": null,
            "tooltipDisabled": null,
            "label": null
          },
          "rows": 3,
          "cols": 5,
          "x": 10,
          "y": 0,
          "filters": [
            {
              "name": "myFilter",
              "logicalOperator": "AND",
              "configs": [
                {
                  "field": "jobName",
                  "op": "matches",
                  "value": "RunCloudAnchorTestSuite",
                  "maxValue": ""
                }
              ],
              "active": true
            }
          ]
        },
        {
          "_id": {
            "$oid": "632ae48ee2c76f783ca0b265"
          },
          "description": "new item",
          "type": "tree-map-chart",
          "itemGroup": "datachart",
          "options": {
            "title": "Jenkins - Tree Map",
            "colors": "#C38849,#C43667,#47C99E,#D76973,#D06250,#365EC4,#36C4C0,#C44C36,#573345,#36BDC4,#5B36C4,#36C4A7,#C4AB36,#36C484,#C7BC97,#364AC4,#C49236,#4B505B,#366DC4,#C48836,#82DDA3,#4B573F,#63CC98,#91949C,#3D2B57,#7F36C4,#69D791,#B282DD,#369AC4,#313A57,#57332C,#C47036,#C46536,#573B30",
            "animations": true,
            "gradient": null,
            "tooltipDisabled": null,
            "innerPadding": null,
            "cardColor": null,
            "textColor": null
          },
          "rows": 6,
          "cols": 9,
          "x": 1,
          "y": 0,
          "filters": []
        },
        {
          "_id": {
            "$oid": "632ae52fe2c76f783ca0b266"
          },
          "description": "new item",
          "type": "table",
          "itemGroup": "datatable",
          "options": {
            "title": "Jenkins Table",
            "colors": "#4F4E73,#C49236,#C47036,#573345,#C43667,#C4AB36,#DE5076,#57332C,#D06250,#C48836,#63CC98,#D0505B,#A369D7,#4E3C25,#C95837,#D76973,#313A57,#C43668,#B282DD,#365EC4,#36C4C0,#366DC4,#369AC4,#82DDA3,#36C4A7,#BD572F,#C44C36,#47C99E,#3D2B57,#4B505B,#C44136,#5B36C4,#36C484,#4B573F,#C7BC97,#91949C,#2A69E6,#364AC4,#69D791,#573B30,#36BDC4,#C38849,#C46536,#C43644,#7F36C4",
            "hideHeader": false,
            "compact": true,
            "enablePagination": true,
            "header": null,
            "maxRecords": null,
            "animations": null,
            "innerPadding": null,
            "cardColor": null,
            "textColor": null
          },
          "rows": 4,
          "cols": 16,
          "x": 0,
          "y": 6,
          "filters": []
        }
      ]
    }
  ],
  "createdUser": "sample@cts.com",
  "createdDate": {
    "$date": {
      "$numberLong": "1663754456361"
    }
  },
  "lastModifiedUser": "sample@cts.com",
  "lastModifiedDate": {
    "$date": {
      "$numberLong": "1663755898555"
    }
  },
  "_class": "com.cognizant.ciqdashboardapi.models.CIQDashboard"
},{
  "_id": {
    "$oid": "6332892da49984870a6ddca7"
  },
  "name": "Bugs_Template",
  "category": "PRJ",
  "active": false,
  "openAccess": false,
  "pages": [
    {
      "name": "Bugs_Page",
      "gridConfig": {
        "rows": 8,
        "columns": 8,
        "margin": 0
      },
      "active": true,
      "items": [
        {
          "_id": {
            "$oid": "6331869cae3a811597024ed0"
          },
          "type": "card-chart",
          "itemGroup": "datachart",
          "options": {
            "title": "Defect Rejection Rate",
            "colors": "#D76973,#5B36C4,#C4AB36,#4B573F,#C44C36,#36C484,#BD572F,#C47036,#36C4A7,#C43667,#4B505B,#366DC4,#4F4E73,#369AC4,#69D791,#C48836,#B282DD,#573345,#C49236,#3D2B57,#573B30,#7F36C4,#C7BC97,#D0505B,#C95837,#57332C,#4E3C25,#364AC4,#C46536,#2A69E6,#C38849,#D06250,#47C99E,#313A57,#82DDA3,#DE5076,#C43668,#C43644,#A369D7,#91949C,#C44136,#36C4C0,#365EC4,#36BDC4,#63CC98",
            "animations": null,
            "innerPadding": null,
            "cardColor": null,
            "textColor": null
          },
          "rows": 2,
          "cols": 2,
          "x": 0,
          "y": 0,
          "filters": [],
          "metricName": "JIRA_Bug_RejectionRate",
          "metricCategory": "derived"
        },
        {
          "_id": {
            "$oid": "63315bbeae3a811597024ec9"
          },
          "type": "card-chart",
          "itemGroup": "datachart",
          "options": {
            "title": "Defect Reopened Rate",
            "colors": "#D06250,#C47036,#364AC4,#366DC4,#63CC98,#573B30,#C7BC97,#B282DD,#4B505B,#C44C36,#36C4C0,#C95837,#365EC4,#82DDA3,#C38849,#36C484,#36BDC4,#C43668,#A369D7,#5B36C4,#69D791,#2A69E6,#36C4A7,#7F36C4,#C49236,#C46536,#47C99E,#57332C,#DE5076,#91949C,#4F4E73,#C44136,#C43667,#C4AB36,#BD572F,#573345,#D0505B,#369AC4,#C48836,#313A57,#D76973,#4B573F,#C43644,#4E3C25,#3D2B57",
            "animations": null,
            "innerPadding": null,
            "cardColor": null,
            "textColor": null
          },
          "rows": 2,
          "cols": 2,
          "x": 2,
          "y": 0,
          "filters": [],
          "metricName": "JIRA_Bug_ReopenedRate",
          "metricCategory": "derived"
        },
        {
          "_id": {
            "$oid": "63316e45ae3a811597024ecc"
          },
          "type": "card-chart",
          "itemGroup": "datachart",
          "options": {
            "title": "Defect Leakage",
            "colors": "#C48836,#D0505B,#82DDA3,#4B573F,#D76973,#36C484,#366DC4,#47C99E,#4E3C25,#36BDC4,#5B36C4,#C44C36,#C47036,#C7BC97,#DE5076,#B282DD,#3D2B57,#A369D7,#36C4C0,#4F4E73,#369AC4,#57332C,#C38849,#C43668,#364AC4,#36C4A7,#C46536,#69D791,#63CC98,#C49236,#C43667,#BD572F,#C43644,#2A69E6,#313A57,#91949C,#C4AB36,#4B505B,#D06250,#573345,#7F36C4,#C95837,#C44136,#365EC4,#573B30",
            "animations": null,
            "innerPadding": null,
            "cardColor": null,
            "textColor": null
          },
          "rows": 2,
          "cols": 2,
          "x": 4,
          "y": 0,
          "filters": [],
          "metricName": "JIRA_Bug_Leakage",
          "metricCategory": "derived"
        },
        {
          "_id": {
            "$oid": "63317238ae3a811597024ece"
          },
          "type": "card-chart",
          "itemGroup": "datachart",
          "options": {
            "title": "Quality of Fixes",
            "dateSeries--disabled": true,
            "colors": "#369AC4,#364AC4,#C4AB36,#82DDA3,#63CC98,#4E3C25,#BD572F,#C44C36,#47C99E,#5B36C4,#4B505B,#C43668,#C44136,#3D2B57,#2A69E6,#C7BC97,#D06250,#C49236,#C43667,#C46536,#36BDC4,#313A57,#A369D7,#4B573F,#69D791,#57332C,#C43644,#C48836,#B282DD,#4F4E73,#573B30,#D76973,#366DC4,#C47036,#573345,#7F36C4,#365EC4,#91949C,#36C4A7,#D0505B,#C95837,#DE5076,#36C4C0,#C38849,#36C484",
            "animations": null,
            "innerPadding": null,
            "cardColor": null,
            "textColor": null
          },
          "rows": 2,
          "cols": 2,
          "x": 6,
          "y": 0,
          "filters": [],
          "metricName": "JIRA_Bug_QualityOfFixes",
          "metricCategory": "derived"
        },
        {
          "_id": {
            "$oid": "6311ba7d3960062fd7775ad9"
          },
          "description": "Defect By Status",
          "type": "pie-chart-advanced",
          "itemGroup": "datachart",
          "options": {
            "title": "Defects By Status",
            "colors": "#4F4E73,#C95837,#63CC98,#A369D7,#82DDA3,#C49236,#4B573F,#36BDC4,#313A57,#C43668,#C7BC97,#D76973,#C44136,#D06250,#7F36C4,#C46536,#365EC4,#36C4A7,#364AC4,#B282DD,#C47036,#47C99E,#69D791,#36C484,#2A69E6,#57332C,#369AC4,#366DC4,#573B30,#DE5076,#C44C36,#3D2B57,#C43667,#36C4C0,#C43644,#C48836,#C4AB36,#C38849,#91949C,#5B36C4,#4B505B,#D0505B",
            "gradient": false,
            "animations": true,
            "dateSeries--disabled": true,
            "tooltipDisabled": null,
            "label": null
          },
          "rows": 2,
          "cols": 4,
          "x": 0,
          "y": 2,
          "filters": [
            {
              "name": "myFilter",
              "logicalOperator": "AND",
              "configs": [
                {
                  "field": "issueTypeName",
                  "op": "matches",
                  "value": "Bug",
                  "maxValue": ""
                }
              ],
              "active": true
            }
          ],
          "metricName": "Jira_Defect_QualityOfFixes",
          "metricCategory": "raw-data"
        },
        {
          "_id": {
            "$oid": "6310496b3960062fd7775ad7"
          },
          "description": "Defects by Severity - Bar chart",
          "type": "bar-chart-horizontal",
          "itemGroup": "datachart",
          "options": {
            "title": "Defects by Priority",
            "colors": "#365EC4,#366DC4,#63CC98,#573345,#C38849,#C7BC97,#C46536,#91949C,#DE5076,#C48836,#7F36C4,#573B30,#D06250,#57332C,#C49236,#69D791,#4E3C25,#D76973,#C43667,#47C99E,#BD572F,#C43668,#C43644,#4B573F,#C44136,#364AC4,#C4AB36,#A369D7,#36C4A7,#5B36C4,#82DDA3,#4B505B,#369AC4,#36BDC4,#C44C36,#D0505B,#36C484,#B282DD,#313A57,#C47036,#3D2B57,#4F4E73,#2A69E6,#C95837,#36C4C0",
            "gradient": true,
            "xAxis": true,
            "yAxis": true,
            "legend": false,
            "legendPositionDown": false,
            "showXAxisLabel": true,
            "showYAxisLabel": true,
            "xAxisLabel": "Count of Defects",
            "yAxisLabel": "Priority",
            "xScaleMin": "",
            "roundDomains": true,
            "animations": true,
            "showGridLines": true,
            "trimXAxisTicks": false,
            "noBarWhenZero": true,
            "showDataLabel": true,
            "dateSeries--disabled": true,
            "dateSeries": null,
            "dateFormat": null,
            "dateGroup": null,
            "cumulative": null,
            "xScaleMax": null,
            "legendTitle": null,
            "tooltipDisabled": null,
            "maxXAxisTickLength": null,
            "trimYAxisTicks": null,
            "maxYAxisTickLength": null,
            "rotateXAxisTicks": null,
            "barPadding": null,
            "roundEdges": null
          },
          "rows": 2,
          "cols": 4,
          "x": 4,
          "y": 2,
          "filters": [
            {
              "name": "myFilter",
              "logicalOperator": "AND",
              "configs": [
                {
                  "field": "issueTypeName",
                  "op": "matches",
                  "value": "Bug",
                  "maxValue": ""
                }
              ],
              "active": true
            }
          ],
          "metricName": "Jira_Defect_QualityOfFixes",
          "metricCategory": "raw-data"
        }
      ]
    }
  ],
  "createdUser": "inti.sandeep@cognizant.com",
  "createdDate": {
    "$date": {
      "$numberLong": "1664191928353"
    }
  },
  "lastModifiedUser": "inti.sandeep@cognizant.com",
  "lastModifiedDate": {
    "$date": {
      "$numberLong": "1664256068998"
    }
  },
  "_class": "com.cognizant.ciqdashboardapi.models.CIQDashboard"
},{
  "_id": {
    "$oid": "6332b831a49984870a6ed59a"
  },
  "name": "Story_Template",
  "category": "PRJ",
  "active": false,
  "openAccess": false,
  "pages": [
    {
      "name": "Story_Page",
      "gridConfig": {
        "rows": 8,
        "columns": 8,
        "margin": 0
      },
      "active": true,
      "items": [
        {
          "_id": {
            "$oid": "6311bf733960062fd7775adb"
          },
          "description": "new item",
          "type": "pie-chart-advanced",
          "itemGroup": "datachart",
          "options": {
            "title": "Story By Status",
            "colors": "#365EC4,#4F4E73,#63CC98,#C43644,#C44136,#C43667,#82DDA3,#369AC4,#63CC98,#57332C,#313A57,#2A69E6,#D76973,#C47036,#47C99E,#366DC4,#573B30,#A369D7,#C4AB36,#36BDC4,#C49236,#573345,#4E3C25,#C38849,#365EC4,#C7BC97,#4B505B,#DE5076,#36C4A7,#B282DD,#7F36C4,#4B573F,#36C4C0,#5B36C4,#3D2B57,#D0505B,#364AC4,#C48836,#91949C,#C95837,#69D791,#C46536,#C43668,#C44C36,#36C484,#BD572F,#D06250",
            "animations": true,
            "dateSeries--disabled": true,
            "gradient": null,
            "tooltipDisabled": null,
            "label": null,
            "innerPadding": null,
            "cardColor": null,
            "textColor": null
          },
          "rows": 2,
          "cols": 3,
          "x": 0,
          "y": 0,
          "filters": [
            {
              "name": "myFilter",
              "logicalOperator": "AND",
              "configs": [
                {
                  "field": "issueTypeName",
                  "op": "matches",
                  "value": "Story",
                  "maxValue": ""
                }
              ],
              "active": true
            }
          ]
        },
        {
          "_id": {
            "$oid": "63295a687f171e41679eadb0"
          },
          "description": "new item",
          "type": "bar-chart-horizontal",
          "itemGroup": "datachart",
          "options": {
            "title": "Story By Priority",
            "colors": "#D76973,#C38849,#4B573F,#3D2B57,#C47036,#91949C,#C48836,#BD572F,#366DC4,#B282DD,#4F4E73,#4E3C25,#C44C36,#369AC4,#573345,#C46536,#C43667,#365EC4,#A369D7,#2A69E6,#D06250,#36C484,#36C4C0,#7F36C4,#C43644,#C95837,#4B505B,#364AC4,#82DDA3,#DE5076,#36C4A7,#C44136,#C4AB36,#36BDC4,#63CC98,#47C99E,#69D791,#5B36C4,#C49236,#57332C,#313A57,#C43668,#C7BC97,#D0505B,#573B30",
            "xAxis": true,
            "yAxis": true,
            "legend": true,
            "legendPositionDown": true,
            "showXAxisLabel": true,
            "showYAxisLabel": true,
            "xAxisLabel": "Story Count",
            "yAxisLabel": "Priority",
            "dateSeries--disabled": true,
            "dateSeries": null,
            "dateFormat": null,
            "dateGroup": null,
            "cumulative": null,
            "gradient": null,
            "xScaleMin": null,
            "xScaleMax": null,
            "roundDomains": null,
            "animations": null,
            "showGridLines": null,
            "legendTitle": null,
            "tooltipDisabled": null,
            "trimXAxisTicks": null,
            "maxXAxisTickLength": null,
            "trimYAxisTicks": null,
            "maxYAxisTickLength": null,
            "rotateXAxisTicks": null,
            "noBarWhenZero": null,
            "showDataLabel": null,
            "barPadding": null,
            "roundEdges": null
          },
          "rows": 2,
          "cols": 3,
          "x": 3,
          "y": 0,
          "filters": [
            {
              "name": "StoryFilter",
              "logicalOperator": "AND",
              "configs": [
                {
                  "field": "issueTypeName",
                  "op": "matches",
                  "value": "Story",
                  "maxValue": ""
                }
              ],
              "active": true
            }
          ]
        },
        {
          "_id": {
            "$oid": "63294da37f171e41679eadad"
          },
          "description": "new item",
          "type": "tree-map-chart",
          "itemGroup": "datachart",
          "options": {
            "title": "Story Tree Map",
            "colors": "#A369D7,#36C4A7,#2A69E6,#47C99E,#364AC4,#57332C,#D0505B,#366DC4,#C47036,#DE5076,#C43644,#C44136,#C44C36,#313A57,#63CC98,#36C4C0,#7F36C4,#5B36C4,#C48836,#3D2B57,#36BDC4,#369AC4,#4F4E73,#C49236,#B282DD,#4B505B,#69D791,#4B573F,#D76973,#573B30,#C46536,#C95837,#C4AB36,#573345,#91949C,#365EC4,#82DDA3,#BD572F,#C7BC97,#C38849,#4E3C25,#D06250,#C43668,#36C484,#C43667",
            "gradient": null,
            "animations": null,
            "tooltipDisabled": null,
            "innerPadding": null,
            "cardColor": null,
            "textColor": null,
            "dateSeries": null,
            "dateFormat": null,
            "dateGroup": null,
            "cumulative": null,
            "xAxis": null,
            "yAxis": null,
            "legend": null,
            "legendPositionDown": null,
            "showXAxisLabel": null,
            "showYAxisLabel": null,
            "xAxisLabel": null,
            "yAxisLabel": null,
            "yScaleMin": null,
            "yScaleMax": null,
            "roundDomains": null,
            "showGridLines": null,
            "legendTitle": null,
            "trimXAxisTicks": null,
            "maxXAxisTickLength": null,
            "trimYAxisTicks": null,
            "maxYAxisTickLength": null,
            "rotateXAxisTicks": null,
            "noBarWhenZero": null,
            "showDataLabel": null,
            "barPadding": null,
            "roundEdges": null
          },
          "rows": 2,
          "cols": 5,
          "x": 0,
          "y": 2,
          "filters": [
            {
              "name": "StoryFilter",
              "logicalOperator": "AND",
              "configs": [
                {
                  "field": "issueTypeName",
                  "op": "matches",
                  "value": "Story",
                  "maxValue": ""
                }
              ],
              "active": true
            }
          ]
        },
        {
          "_id": {
            "$oid": "633154e06a191938e70e9e9b"
          },
          "type": "card-chart",
          "itemGroup": "datachart",
          "options": {
            "title": "Story Stability Index",
            "colors": "#4B573F,#C48836,#69D791,#4B505B,#91949C,#365EC4,#A369D7,#C46536,#366DC4,#C43667,#BD572F,#D0505B,#369AC4,#C43644,#63CC98,#573B30,#C47036,#47C99E,#C95837,#3D2B57,#C44C36,#5B36C4,#313A57,#36BDC4,#C43668,#D76973,#C44136,#364AC4,#2A69E6,#C4AB36,#D06250,#573345,#4E3C25,#4F4E73,#C49236,#C7BC97,#C38849,#82DDA3,#36C4A7,#36C4C0,#7F36C4,#36C484,#57332C,#DE5076",
            "animations": null,
            "innerPadding": null,
            "cardColor": null,
            "textColor": null,
            "gradient": null,
            "tooltipDisabled": null
          },
          "rows": 2,
          "cols": 2,
          "x": 6,
          "y": 0,
          "filters": [],
          "metricName": "JIRA_Story_StabilityIndex",
          "metricCategory": "derived"
        },
        {
          "_id": {
            "$oid": "632a97bd7f171e41679eadd1"
          },
          "description": "new item",
          "type": "bar-chart-vertical",
          "itemGroup": "datachart",
          "options": {
            "title": "Epics Vs. Story",
            "colors": "#82DDA3,#C38849,#573B30,#313A57,#69D791,#5B36C4,#C43668,#C44136,#36C484,#366DC4,#C47036,#C43644,#91949C,#2A69E6,#D76973,#DE5076,#C46536,#C44C36,#4E3C25,#C49236,#A369D7,#573345,#7F36C4,#369AC4,#C43667,#4F4E73,#63CC98,#364AC4,#C7BC97,#36BDC4,#C95837,#3D2B57,#36C4A7,#C4AB36,#36C4C0,#47C99E,#D0505B,#BD572F,#C48836,#4B573F,#4B505B,#365EC4,#D06250,#57332C,#B282DD",
            "xAxis": true,
            "yAxis": true,
            "legendPositionDown": true,
            "showXAxisLabel": true,
            "showYAxisLabel": true,
            "xAxisLabel": "Epics",
            "yAxisLabel": "Stories Count",
            "animations": true,
            "showDataLabel": true,
            "roundEdges": true,
            "dateSeries--disabled": true,
            "dateSeries": null,
            "dateFormat": null,
            "dateGroup": null,
            "cumulative": null,
            "gradient": null,
            "legend": null,
            "yScaleMin": null,
            "yScaleMax": null,
            "roundDomains": null,
            "showGridLines": null,
            "legendTitle": null,
            "tooltipDisabled": null,
            "trimXAxisTicks": null,
            "maxXAxisTickLength": null,
            "trimYAxisTicks": null,
            "maxYAxisTickLength": null,
            "rotateXAxisTicks": null,
            "noBarWhenZero": null,
            "barPadding": null,
            "innerPadding": null,
            "cardColor": null,
            "textColor": null
          },
          "rows": 2,
          "cols": 3,
          "x": 5,
          "y": 2,
          "filters": [
            {
              "name": "myFilter",
              "logicalOperator": "AND",
              "configs": [
                {
                  "field": "issueTypeName",
                  "op": "matches",
                  "value": "Epic",
                  "maxValue": ""
                }
              ],
              "active": true
            }
          ]
        }
      ]
    }
  ],
  "createdUser": "inti.sandeep@cognizant.com",
  "createdDate": {
    "$date": {
      "$numberLong": "1664264570052"
    }
  },
  "lastModifiedUser": "inti.sandeep@cognizant.com",
  "lastModifiedDate": {
    "$date": {
      "$numberLong": "1664269837319"
    }
  },
  "_class": "com.cognizant.ciqdashboardapi.models.CIQDashboard"
},{
  "_id": {
    "$oid": "63849d1ad2a64d598d504323"
  },
  "name": "ALM Trends",
  "category": "PRJ",
  "active": false,
  "openAccess": false,
  "pages": [
    {
      "name": "Requirements & Design",
      "gridConfig": {
        "rows": 16,
        "columns": 16,
        "margin": 0
      },
      "active": true,
      "items": [
        {
          "_id": {
            "$oid": "6384995d04b3600ab33cc006"
          },
          "type": "line-chart-series",
          "itemGroup": "datachart",
          "options": {
            "title": "ALM Requirements Trend by Status",
            "colors": "#57332C,#36C4A7,#BD572F,#C43644,#C49236,#63CC98,#B282DD,#C47036,#313A57,#C38849,#364AC4,#C95837,#47C99E,#4E3C25,#369AC4,#69D791,#D76973,#C48836,#3D2B57,#366DC4,#573B30,#D06250,#4F4E73,#4B573F,#365EC4,#36C4C0,#D0505B,#91949C,#DE5076,#C4AB36,#36C484,#C44C36,#C43667,#2A69E6,#C46536,#C44136,#C7BC97,#4B505B,#573345,#82DDA3,#7F36C4,#C43668,#A369D7,#36BDC4,#5B36C4",
            "dateSeries": true,
            "xAxis": true,
            "yAxis": true,
            "legendPositionDown": true,
            "showXAxisLabel": true,
            "showYAxisLabel": true,
            "xAxisLabel": "Date",
            "yAxisLabel": "Count",
            "animations": true,
            "showGridLines": true,
            "timeline": true,
            "cumulative": null,
            "gradient": null,
            "legend": true,
            "autoScale": null,
            "yScaleMin": null,
            "yScaleMax": null,
            "xScaleMin": null,
            "xScaleMax": null,
            "roundDomains": null,
            "legendTitle": null,
            "tooltipDisabled": null,
            "trimXAxisTicks": null,
            "maxXAxisTickLength": null,
            "trimYAxisTicks": null,
            "maxYAxisTickLength": null,
            "rotateXAxisTicks": null
          },
          "rows": 4,
          "cols": 16,
          "x": 0,
          "y": 0,
          "filters": []
        },
        {
          "_id": {
            "$oid": "638499ea04b3600ab33cc007"
          },
          "description": "new item",
          "type": "line-chart-series",
          "itemGroup": "datachart",
          "options": {
            "title": "ALM Test Design Trend by Status",
            "colors": "#36C4A7,#4F4E73,#C44C36,#36BDC4,#B282DD,#C47036,#57332C,#D76973,#C49236,#2A69E6,#573B30,#C46536,#DE5076,#C43644,#366DC4,#36C4C0,#365EC4,#4B573F,#369AC4,#D06250,#91949C,#C38849,#573345,#7F36C4,#4E3C25,#4B505B,#C4AB36,#364AC4,#69D791,#A369D7,#36C484,#BD572F,#C44136,#313A57,#5B36C4,#63CC98,#C43667,#C7BC97,#C43668,#3D2B57,#47C99E,#C95837,#C48836,#82DDA3,#D0505B",
            "dateSeries": true,
            "xAxis": true,
            "yAxis": true,
            "legend": true,
            "legendPositionDown": true,
            "showXAxisLabel": true,
            "showYAxisLabel": true,
            "xAxisLabel": "Date",
            "yAxisLabel": "Count",
            "autoScale": false,
            "animations": true,
            "showGridLines": true,
            "timeline": true,
            "cumulative": null,
            "gradient": null,
            "yScaleMin": null,
            "yScaleMax": null,
            "xScaleMin": null,
            "xScaleMax": null,
            "roundDomains": null,
            "legendTitle": null,
            "tooltipDisabled": null,
            "trimXAxisTicks": null,
            "maxXAxisTickLength": null,
            "trimYAxisTicks": null,
            "maxYAxisTickLength": null,
            "rotateXAxisTicks": null
          },
          "rows": 4,
          "cols": 16,
          "x": 0,
          "y": 4,
          "filters": []
        }
      ]
    }
  ],
  "createdUser": "sample@cts.com",
  "createdDate": {
    "$date": {
      "$numberLong": "1664865069385"
    }
  },
  "lastModifiedUser": "sample@cts.com",
  "lastModifiedDate": {
    "$date": {
      "$numberLong": "1669634974762"
    }
  },
  "_class": "com.cognizant.ciqdashboardapi.models.CIQDashboard"
},{
  "_id": {
    "$oid": "63889278d2a64d598d72b3b4"
  },
  "name": "Performance_Template",
  "category": "PRJ",
  "active": true,
  "openAccess": false,
  "pages": [
    {
      "name": "Performance SLA",
      "gridConfig": {
        "rows": 16,
        "columns": 16,
        "margin": 0
      },
      "active": true,
      "items": [
        {
          "_id": {
            "$oid": "637e031e04b3600ab33cbffc"
          },
          "description": "new item",
          "type": "bar-chart-vertical",
          "itemGroup": "datachart",
          "options": {
            "title": "Performance Defects",
            "colors": "#369AC4,#47C99E,#C47036,#C4AB36,#D76973,#82DDA3,#366DC4,#D06250,#36C4A7,#C38849,#4B505B,#573B30,#C49236,#313A57,#3D2B57,#D0505B,#C43667,#365EC4,#573345,#4E3C25,#91949C,#4F4E73,#C95837,#C48836,#36C484,#B282DD,#C46536,#36C4C0,#57332C,#7F36C4,#C44C36,#C43668,#364AC4,#63CC98,#BD572F,#A369D7,#C43644,#5B36C4,#36BDC4,#69D791,#4B573F,#C44136,#DE5076,#2A69E6,#C7BC97",
            "xAxis": true,
            "yAxis": true,
            "legend": true,
            "legendPositionDown": false,
            "showXAxisLabel": true,
            "showYAxisLabel": true,
            "xAxisLabel": "Severity",
            "yAxisLabel": "Defects Count",
            "roundDomains": true,
            "animations": true,
            "showGridLines": false,
            "trimYAxisTicks": false,
            "noBarWhenZero": true,
            "showDataLabel": true,
            "roundEdges": true,
            "dateSeries--disabled": true,
            "dateSeries": null,
            "dateFormat": null,
            "dateGroup": null,
            "cumulative": null,
            "gradient": null,
            "yScaleMin": null,
            "yScaleMax": null,
            "legendTitle": null,
            "tooltipDisabled": null,
            "trimXAxisTicks": null,
            "maxXAxisTickLength": null,
            "maxYAxisTickLength": null,
            "rotateXAxisTicks": null,
            "barPadding": null,
            "innerPadding": null,
            "cardColor": null,
            "textColor": null
          },
          "rows": 3,
          "cols": 6,
          "x": 1,
          "y": 3,
          "filters": []
        },
        {
          "_id": {
            "$oid": "637e044504b3600ab33cbffd"
          },
          "type": "card-chart",
          "itemGroup": "datachart",
          "options": {
            "title": "Performance - SLA Compliance",
            "colors": "#369AC4,#C43668,#63CC98,#47C99E,#4B505B,#36C484,#4E3C25,#7F36C4,#C44C36,#D76973,#C46536,#C4AB36,#D06250,#364AC4,#573B30,#573345,#5B36C4,#3D2B57,#B282DD,#D0505B,#C7BC97,#DE5076,#82DDA3,#69D791,#36C4C0,#57332C,#C48836,#C43667,#36C4A7,#C43644,#A369D7,#365EC4,#91949C,#C49236,#C44136,#BD572F,#C47036,#366DC4,#2A69E6,#36BDC4,#4F4E73,#C38849,#C95837,#313A57",
            "animations": true,
            "dateSeries--disabled": true,
            "innerPadding": null,
            "cardColor": null,
            "textColor": null,
            "dateSeries": null,
            "dateFormat": null,
            "dateGroup": null,
            "cumulative": null,
            "gradient": null,
            "xAxis": null,
            "yAxis": null,
            "legend": null,
            "legendPositionDown": null,
            "showXAxisLabel": null,
            "showYAxisLabel": null,
            "xAxisLabel": null,
            "yAxisLabel": null,
            "yScaleMin": null,
            "yScaleMax": null,
            "roundDomains": null,
            "showGridLines": null,
            "legendTitle": null,
            "tooltipDisabled": null,
            "trimXAxisTicks": null,
            "maxXAxisTickLength": null,
            "trimYAxisTicks": null,
            "maxYAxisTickLength": null,
            "rotateXAxisTicks": null,
            "noBarWhenZero": null,
            "showDataLabel": null,
            "barPadding": null,
            "roundEdges": null
          },
          "rows": 3,
          "cols": 4,
          "x": 1,
          "y": 0,
          "filters": [],
          "metricName": "Performance_SLA_Compliance",
          "metricCategory": "derived"
        },
        {
          "_id": {
            "$oid": "637e073404b3600ab33cbffe"
          },
          "description": "new item",
          "type": "card-chart",
          "itemGroup": "datachart",
          "options": {
            "title": "Scalability - SLA Compliance",
            "colors": "#A369D7,#4E3C25,#C7BC97,#366DC4,#365EC4,#2A69E6,#C44136,#7F36C4,#D76973,#C4AB36,#36BDC4,#47C99E,#313A57,#C49236,#4B505B,#369AC4,#C47036,#573345,#69D791,#C43644,#C43667,#BD572F,#C38849,#82DDA3,#573B30,#5B36C4,#C46536,#C95837,#63CC98,#36C4A7,#D06250,#DE5076,#C48836,#364AC4,#4F4E73,#3D2B57,#36C484,#57332C,#B282DD,#4B573F,#C44C36,#36C4C0,#91949C,#C43668,#D0505B",
            "animations": true,
            "dateSeries--disabled": true,
            "innerPadding": null,
            "cardColor": null,
            "textColor": null,
            "dateSeries": null,
            "dateFormat": null,
            "dateGroup": null,
            "cumulative": null,
            "gradient": null,
            "xAxis": null,
            "yAxis": null,
            "legend": null,
            "legendPositionDown": null,
            "showXAxisLabel": null,
            "showYAxisLabel": null,
            "xAxisLabel": null,
            "yAxisLabel": null,
            "yScaleMin": null,
            "yScaleMax": null,
            "roundDomains": null,
            "showGridLines": null,
            "legendTitle": null,
            "tooltipDisabled": null,
            "trimXAxisTicks": null,
            "maxXAxisTickLength": null,
            "trimYAxisTicks": null,
            "maxYAxisTickLength": null,
            "rotateXAxisTicks": null,
            "noBarWhenZero": null,
            "showDataLabel": null,
            "barPadding": null,
            "roundEdges": null
          },
          "rows": 3,
          "cols": 4,
          "x": 5,
          "y": 0,
          "filters": [],
          "metricName": "Scalability_SLA_Compliance",
          "metricCategory": "derived"
        },
        {
          "_id": {
            "$oid": "637e0cd404b3600ab33cc001"
          },
          "description": "new item",
          "type": "pie-chart-advanced",
          "itemGroup": "datachart",
          "options": {
            "title": "End User Experience",
            "colors": "#BD572F,#36C484,#C7BC97,#D06250,#C4AB36,#C43667,#5B36C4,#2A69E6,#A369D7,#573B30,#573345,#3D2B57,#36C4C0,#69D791,#4E3C25,#C44C36,#82DDA3,#365EC4,#4F4E73,#366DC4,#DE5076,#364AC4,#36BDC4,#C49236,#C95837,#313A57,#4B505B,#C43668,#B282DD,#36C4A7,#63CC98,#D0505B,#C47036,#C44136,#57332C,#D76973,#C38849,#369AC4,#47C99E,#91949C,#4B573F,#C46536,#C48836,#7F36C4",
            "gradient": false,
            "animations": true,
            "dateSeries--disabled": true
          },
          "rows": 3,
          "cols": 6,
          "x": 7,
          "y": 3,
          "filters": []
        },
        {
          "_id": {
            "$oid": "637e0ddb04b3600ab33cc002"
          },
          "type": "card-chart",
          "itemGroup": "datachart",
          "options": {
            "title": "Availability",
            "colors": "#63CC98,#C44136,#B282DD,#7F36C4,#C7BC97,#313A57,#366DC4,#4B573F,#C4AB36,#DE5076,#57332C,#573345,#5B36C4,#36BDC4,#4E3C25,#C48836,#C43668,#C44C36,#82DDA3,#369AC4,#C43667,#C95837,#573B30,#C43644,#A369D7,#36C484,#C49236,#365EC4,#C47036,#D06250,#C46536,#364AC4,#D76973,#91949C,#36C4C0,#2A69E6,#47C99E,#4F4E73,#BD572F,#36C4A7,#4B505B,#3D2B57,#69D791",
            "dateSeries--disabled": true,
            "animations": null,
            "innerPadding": null,
            "cardColor": null,
            "textColor": null
          },
          "rows": 3,
          "cols": 4,
          "x": 9,
          "y": 0,
          "filters": [],
          "metricName": "Availability_Compliance",
          "metricCategory": "derived"
        }
      ]
    }
  ],
  "createdUser": "sample@cts.com",
  "createdDate": {
    "$date": {
      "$numberLong": "1669202576893"
    }
  },
  "lastModifiedUser": "sample@cts.com",
  "lastModifiedDate": {
    "$date": {
      "$numberLong": "1669206726075"
    }
  },
  "_class": "com.cognizant.ciqdashboardapi.models.CIQDashboard"
}]