[{
  "_id": {
    "$oid": "63236a5215fe685dd0364457"
  },
  "metricName": "JIRA_Bug_RejectionRate",
  "category": "Defects",
  "calculationType": "percentage",
  "toolType": "Jira",
  "formula": "(totalRejectedBugs * 100)/totalBugs",
  "trendCount": 0,
  "formulaParams": {
    "totalRejectedBugs": {
      "countAnd": {
        "StatusName": "Rejected",
        "IssueTypeName": "Bug"
      }
    },
    "totalBugs": {
      "count": {
        "IssueTypeName": "Bug"
      }
    }
  },
  "_class": "com.cts.idashboard.services.metricservice.data.MetricConfig"
},{
  "_id": {
    "$oid": "63315b95a49984870a6ad0a8"
  },
  "metricName": "JIRA_Bug_ReopenedRate",
  "category": "Defects",
  "calculationType": "percentage",
  "toolType": "Jira",
  "formula": "(totalReopenDefects * 100)/TotalDefects",
  "trending": "No",
  "trendCount": 0,
  "grouping": "No",
  "formulaParams": {
    "totalReopenDefects": {
      "countAnd": {
        "statusName": "Reopened",
        "issueTypeName": "Bug"
      }
    },
    "TotalDefects": {
      "count": {
        "issueTypeName": "Bug"
      }
    }
  },
  "dataSource": "Jira",
  "_class": "com.cts.idashboard.services.metricservice.data.MetricConfig"
},{
  "_id": {
    "$oid": "63317b77a49984870a6b1635"
  },
  "metricName": "JIRA_Bug_Leakage",
  "category": "Defects",
  "calculationType": "percentage",
  "toolType": "Jira",
  "formula": "(totalUATDefects* 100)/(totalUATDefects+TotalQADefects)",
  "trending": "No",
  "trendCount": 0,
  "grouping": "No",
  "formulaParams": {
    "totalUATDefects": {
      "countAnd": {
        "environment": "UAT",
        "issueTypeName": "Bug"
      }
    },
    "TotalQADefects": {
      "countAnd": {
        "environment": "QA",
        "issueTypeName": "Bug"
      }
    }
  },
  "dataSource": "Jira",
  "_class": "com.cts.idashboard.services.metricservice.data.MetricConfig"
},{
  "_id": {
    "$oid": "633187d5a49984870a6b3cd8"
  },
  "metricName": "JIRA_Bug_QualityOfFixes",
  "category": "Defects",
  "calculationType": "percentage",
  "toolType": "Jira",
  "formula": "((totalDoneDefects*100)/(totalToDoDefects+totalInProgressDefects+totalDoneDefects)) ",
  "trending": "No",
  "trendCount": 0,
  "grouping": "No",
  "formulaParams": {
    "totalDoneDefects": {
      "countAnd": {
        "issueTypeName": "Bug",
        "statusCategoryName": "Done"
      }
    },
    "totalToDoDefects": {
      "countAnd": {
        "issueTypeName": "Bug",
        "statusCategoryName": "To Do"
      }
    },
    "totalInProgressDefects": {
      "count": {
        "issueTypeName": "Bug",
        "statusCategoryName": "In Progress"
      }
    }
  },
  "dataSource": "Jira",
  "_class": "com.cts.idashboard.services.metricservice.data.MetricConfig"
},{
  "_id": {
    "$oid": "6332af66a49984870a6e768d"
  },
  "metricName": "JIRA_Story_StabilityIndex",
  "category": "Story",
  "calculationType": "percentage",
  "toolType": "Jira",
  "formula": "((TotalStoryInitial-totalStoryChanged) * 100)/totalStoryChanged",
  "formulaParams": {
    "totalStoryChanged": {
      "countAnd": {
        "StatusName": "Modified",
        "IssueTypeName": "Story"
      }
    },
    "TotalStoryInitial": {
      "count": {
        "IssueTypeName": "Story"
      }
    }
  },
  "_class": "com.cts.idashboard.services.metricservice.data.MetricConfig"
},{
  "_id": {
    "$oid": "634685dca49984870add50ad"
  },
  "metricName": "JIRA_Bug_TestEffectiveness",
  "category": "Defects",
  "calculationType": "percentage",
  "toolType": "Jira",
  "formula": "(totalSystemBugs* 100)/(totalSystemBugs+totalUATBugs)",
  "formulaParams": {
    "totalSystemBugs": {
      "countAnd": {
        "environmentName": "System Testing",
        "IssueTypeName": "Bug"
      }
    },
    "totalUATBugs": {
      "countAnd": {
        "environmentName": "UAT",
        "IssueTypeName": "Bug"
      }
    }
  },
  "_class": "com.cts.idashboard.services.metricservice.data.MetricConfig"
},{
  "_id": {
    "$oid": "6332d36fa49984870a6fadfe"
  },
  "metricName": "ALM_TestDesign_AutomationCoverage",
  "category": "Design",
  "calculationType": "percentage",
  "toolType": "ALM",
  "formula": "(totalAutomationTests * 100)/totalTests",
  "formulaParams": {
    "totalAutomationTests": {
      "count": {
        "type": "AUTOMATED"
      }
    },
    "totalTests": {
      "count": {
        "domainName": "DEFAULT"
      }
    }
  },
  "_class": "com.cts.idashboard.services.metricservice.data.MetricConfig"
},{
  "_id": {
    "$oid": "6332d37fa49984870a6fae3c"
  },
  "metricName": "ALM_TestDesign_Productivity",
  "category": "Design",
  "calculationType": "percentage",
  "toolType": "ALM",
  "formula": "totalTests/totalDesignDuration",
  "formulaParams": {
    "StatusName": {
      "countAnd": {
        "StatusName": "Done",
        "IssueTypeName": "Story"
      }
    },
    "IssueTypeName": {
      "count": {
        "IssueTypeName": "Story"
      }
    }
  },
  "_class": "com.cts.idashboard.services.metricservice.data.MetricConfig"
},{
  "_id": {
    "$oid": "6333d5e4a49984870a735132"
  },
  "metricName": "ALM_TestExecution_Coverage",
  "category": "Execution",
  "calculationType": "percentage",
  "toolType": "ALM",
  "formula": "(totalUniqueTestsExecuted* 100)/totalTestsExecuted",
  "formulaParams": {
    "totalUniqueTestsExecuted": {
      "countAnd": {
        "StatusName": "Done",
        "IssueTypeName": "Story"
      }
    },
    "totalTestsExecuted": {
      "count": {
        "IssueTypeName": "Story"
      }
    }
  },
  "_class": "com.cts.idashboard.services.metricservice.data.MetricConfig"
},{
  "_id": {
    "$oid": "6333d5fea49984870a735192"
  },
  "metricName": "ALM_TestExecution_AutomationLeverage",
  "category": "Execution",
  "calculationType": "percentage",
  "toolType": "ALM",
  "formula": "((totalAutomationTestsExecutedPassed +totalAutomationTestsExecutedFailed)* 100)/totalAutomationTests",
  "formulaParams": {
    "totalAutomationTestsExecutedPassed": {
      "countAnd": {
        "type": "AUTOMATED",
        "executionStatus": "Passed"
      }
    },
    "totalAutomationTestsExecutedFailed": {
      "countAnd": {
        "type": "AUTOMATED",
        "executionStatus": "Failed"
      }
    },
    "totalAutomationTests": {
      "count": {
        "type": "AUTOMATED"
      }
    }
  },
  "_class": "com.cts.idashboard.services.metricservice.data.MetricConfig"
},{
  "_id": {
    "$oid": "6333d966a49984870a7367ad"
  },
  "metricName": "ALM_TestExecution_FirstTimePassRate",
  "category": "Execution",
  "calculationType": "percentage",
  "toolType": "ALM",
  "formula": "(totalTestsPassedinFirstRun* 100)/totalTests",
  "formulaParams": {
    "StatusName": {
      "countAnd": {
        "StatusName": "Done",
        "IssueTypeName": "Story"
      }
    },
    "IssueTypeName": {
      "count": {
        "IssueTypeName": "Story"
      }
    }
  },
  "_class": "com.cts.idashboard.services.metricservice.data.MetricConfig"
},{
  "_id": {
    "$oid": "6333d97ea49984870a73680b"
  },
  "metricName": "ALM_TestExecution_FinalPassRate",
  "category": "Execution",
  "calculationType": "percentage",
  "toolType": "ALM",
  "formula": "(totalTestsPassed * 100)/totalTests",
  "formulaParams": {
    "StatusName": {
      "countAnd": {
        "StatusName": "Done",
        "IssueTypeName": "Story"
      }
    },
    "IssueTypeName": {
      "count": {
        "IssueTypeName": "Story"
      }
    }
  },
  "_class": "com.cts.idashboard.services.metricservice.data.MetricConfig"
},{
  "_id": {
    "$oid": "6333d990a49984870a736859"
  },
  "metricName": "ALM_TestExecution_Productivity",
  "category": "Execution",
  "calculationType": "percentage",
  "toolType": "ALM",
  "formula": "(totalTestsExecutedPassed +totalTestsExecutedFailed) * 100)/totalDuration",
  "formulaParams": {
    "totalTestsExecutedPassed": {
      "count": {
        "status": "Passed"
      }
    },
    "totalTestsExecutedFailed": {
      "count": {
        "status": "Failed"
      }
    },
    "totalDuration": {
      "sumOfDurationDistinct": {
        "duration": "",
        "testId": "distinct"
      }
    }
  },
  "_class": "com.cts.idashboard.services.metricservice.data.MetricConfig"
},{
  "_id": {
    "$oid": "6333d9a3a49984870a736899"
  },
  "metricName": "ALM_TestExecution_EffortVariance",
  "category": "Execution",
  "calculationType": "percentage",
  "toolType": "ALM",
  "formula": "((actualDuration - plannedDuration)* 100)/plannedDuration",
  "formulaParams": {
    "StatusName": {
      "countAnd": {
        "StatusName": "Done",
        "IssueTypeName": "Story"
      }
    },
    "IssueTypeName": {
      "count": {
        "IssueTypeName": "Story"
      }
    }
  },
  "_class": "com.cts.idashboard.services.metricservice.data.MetricConfig"
},{
  "_id": {
    "$oid": "6333d9baa49984870a7368f5"
  },
  "metricName": "ALM_TestExecution_ScheduleVariance",
  "category": "Execution",
  "calculationType": "percentage",
  "toolType": "ALM",
  "formula": "((actualSchedule-plannedSchedule)* 100)/plannedSchedule",
  "formulaParams": {
    "StatusName": {
      "countAnd": {
        "StatusName": "Done",
        "IssueTypeName": "Story"
      }
    },
    "IssueTypeName": {
      "count": {
        "IssueTypeName": "Story"
      }
    }
  },
  "_class": "com.cts.idashboard.services.metricservice.data.MetricConfig"
},{
  "_id": {
    "$oid": "6333f859a49984870a74249f"
  },
  "metricName": "ALM_Requirements_Design_Coverage",
  "category": "Design",
  "calculationType": "percentage",
  "toolType": "ALM",
  "formula": "(totalRequirementsCovered * 100)/totalRequirements",
  "formulaParams": {
    "totalRequirementsCovered": {
      "count": {
        "status": "Covered"
      }
    },
    "totalRequirements": {
      "count": {
        "domainName": "DEFAULT"
      }
    }
  },
  "_class": "com.cts.idashboard.services.metricservice.data.MetricConfig"
},{
  "_id": {
    "$oid": "6333fe29a49984870a74464e"
  },
  "metricName": "ALM_Requirement_StabilityIndex",
  "category": "Requirements",
  "calculationType": "percentage",
  "toolType": "ALM",
  "formula": "(totalRequirementsChanged * 100)/totalInitialRequirements",
  "formulaParams": {
    "StatusName": {
      "countAnd": {
        "StatusName": "Done",
        "IssueTypeName": "Story"
      }
    },
    "IssueTypeName": {
      "count": {
        "IssueTypeName": "Story"
      }
    }
  },
  "_class": "com.cts.idashboard.services.metricservice.data.MetricConfig"
},{
  "_id": {
    "$oid": "633400dda49984870a7456fd"
  },
  "metricName": "ALM_Defect_RejectionRate",
  "category": "Defects",
  "calculationType": "percentage",
  "toolType": "ALM",
  "formula": "(totalRejectedDefects * 100)/totalDefects",
  "formulaParams": {
    "totalRejectedDefects": {
      "countAnd": {
        "status": "Rejected",
        "domainName": "DEFAULT"
      }
    },
    "totalDefects": {
      "count": {
        "domainName": "DEFAULT"
      }
    }
  },
  "_class": "com.cts.idashboard.services.metricservice.data.MetricConfig"
},{
  "_id": {
    "$oid": "633400efa49984870a745748"
  },
  "metricName": "ALM_Defect_ReOpenedRate",
  "category": "Defects",
  "calculationType": "percentage",
  "toolType": "ALM",
  "formula": "(totalReopenedDefects * 100)/totalDefects",
  "formulaParams": {
    "totalDefects": {
      "count": {
        "domainName": "DEFAULT"
      }
    },
    "totalReopenedDefects": {
      "count": {
        "status": "Reopen"
      }
    }
  },
  "_class": "com.cts.idashboard.services.metricservice.data.MetricConfig"
},{
  "_id": {
    "$oid": "63340102a49984870a745791"
  },
  "metricName": "ALM_Defect_QualityOfFixes",
  "category": "Defects",
  "calculationType": "percentage",
  "toolType": "ALM",
  "formula": "((totalFixedDefects +totalReopenedDefects) *100)/totalToDoDefects",
  "formulaParams": {
    "totalFixedDefects": {
      "count": {
        "status": "Fixed"
      }
    },
    "totalReopenedDefects": {
      "count": {
        "status": "Reopen"
      }
    },
    "totalToDoDefects": {
      "count": {
        "status": "New"
      }
    }
  },
  "_class": "com.cts.idashboard.services.metricservice.data.MetricConfig"
},{
  "_id": {
    "$oid": "63340110a49984870a7457d3"
  },
  "metricName": "ALM_Defect_Leakage",
  "category": "Defects",
  "calculationType": "percentage",
  "toolType": "ALM",
  "formula": "(totalUATDefects * 100)/totalQADefects",
  "formulaParams": {
    "totalUATDefects": {
      "count": {
        "environmentType": "UAT"
      }
    },
    "totalQADefects": {
      "count": {
        "environmentType": "QA"
      }
    }
  },
  "_class": "com.cts.idashboard.services.metricservice.data.MetricConfig"
},{
  "_id": {
    "$oid": "6347cad7a49984870ae350c0"
  },
  "metricName": "ALM_Defect_Test_Effectiveness",
  "category": "Defects",
  "calculationType": "percentage",
  "toolType": "ALM",
  "formula": "(totalSystemDefects* 100)/(totalSystemDefects+totalUATDefects)",
  "formulaParams": {
    "totalSystemDefects": {
      "count": {
        "environmentName": "System Testing",
        "domainName": "DEFAULT"
      }
    },
    "totalUATDefects": {
      "count": {
        "environmentName": "UAT",
        "domainName": "DEFAULT"
      }
    }
  },
  "_class": "com.cts.idashboard.services.metricservice.data.MetricConfig"
},{
  "_id": {
    "$oid": "634fc36bd2a64d598d16aea4"
  },
  "metricName": "ALM_Test_Design_Case_Effectiveness",
  "category": "Design",
  "calculationType": "percentage",
  "toolType": "ALM",
  "formula": "(totalDefectsDetected* 100)/(totalTestsExecutedPassed +totalTestsExecutedFailed+totalTestsExecutedblocked)",
  "formulaParams": {
    "totalDefectsDetected": {
      "count": {
        "executionStatus": "Failed"
      }
    },
    "totalTestsExecutedPassed": {
      "count": {
        "executionStatus": "Passed"
      }
    },
    "totalTestsExecutedFailed": {
      "count": {
        "executionStatus": "Failed"
      }
    },
    "totalTestsExecutedblocked": {
      "count": {
        "executionStatus": "Blocked"
      }
    }
  },
  "_class": "com.cts.idashboard.services.metricservice.data.MetricConfig"
},{
  "_id": {
    "$oid": "637e01e2d2a64d598d18e4c9"
  },
  "metricName": "Performance_SLA_Compliance",
  "category": "Defect",
  "calculationType": "percentage",
  "toolType": "Jira",
  "formula": "(totalRejectedBugs * 100)/totalBugs",
  "formulaParams": {
    "totalRejectedBugs": {
      "countAnd": {
        "StatusName": "Rejected",
        "IssueTypeName": "Bug"
      }
    },
    "totalBugs": {
      "count": {
        "IssueTypeName": "Bug"
      }
    }
  },
  "_class": "com.cts.idashboard.services.metricservice.data.MetricConfig"
},{
  "_id": {
    "$oid": "637e06c2d2a64d598d191780"
  },
  "metricName": "Scalability_SLA_Compliance",
  "category": "Defect",
  "calculationType": "percentage",
  "toolType": "Jira",
  "formula": "(totalRejectedBugs * 100)/totalBugs",
  "formulaParams": {
    "totalRejectedBugs": {
      "countAnd": {
        "StatusName": "Rejected"
      }
    },
    "totalBugs": {
      "count": {
        "IssueTypeName": "Bug"
      }
    }
  },
  "_class": "com.cts.idashboard.services.metricservice.data.MetricConfig"
},{
  "_id": {
    "$oid": "637e08dad2a64d598d192b69"
  },
  "metricName": "Availability_Compliance",
  "category": "Defect",
  "calculationType": "percentage",
  "toolType": "Jira",
  "formula": "(totalRejectedBugs * 100)/totalBugs",
  "formulaParams": {
    "totalRejectedBugs": {
      "countAnd": {
        "StatusName": "Rejected"
      }
    },
    "totalBugs": {
      "count": {
        "IssueTypeName": "Bug"
      }
    }
  },
  "_class": "com.cts.idashboard.services.metricservice.data.MetricConfig"
},{
  "_id": {
    "$oid": "63932e64d2a64d598dfaeb62"
  },
  "metricName": "Zephyr_Defect_Rejection_Rate",
  "category": "Defects",
  "calculationType": "percentage",
  "toolType": "zephyr",
  "grouping": "Yes",
  "groupBy": "release",
  "groupValue": "ALL",
  "formula": "((totalRejectedBugs+totalCancelledBugs) * 100)/totalBugs",
  "formulaParams": {
    "totalRejectedBugs": {
      "countAnd": {
        "status": "Rejected",
        "issueType": "Defect"
      }
    },
    "totalCancelledBugs": {
      "countAnd": {
        "status": "Cancelled",
        "issueType": "Defect"
      }
    },
    "totalBugs": {
      "count": {
        "issueType": "Defect"
      }
    }
  },
  "_class": "com.cts.idashboard.services.metricservice.data.MetricConfig"
},{
  "_id": {
    "$oid": "63edeb8d07ce1e5c990810a6"
  },
  "metricName": "JIRA_Bug_ERPRejectionRate",
  "category": "Defects",
  "calculationType": "percentage",
  "toolType": "Jira",
  "formula": "(totalRejectedBugs * 100)/totalBugs",
  "trending": "No",
  "trendCount": 0,
  "grouping": "No",
  "formulaParams": {
    "totalRejectedBugs": {
      "countAnd": {
        "StatusName": "Closed",
        "IssueTypeName": "Bug"
      }
    },
    "totalBugs": {
      "count": {
        "IssueTypeName": "Bug"
      }
    }
  },
  "dataSource": "Jira",
  "_class": "com.cts.idashboard.services.metricservice.data.MetricConfig"
},{
  "_id": {
    "$oid": "63edf54907ce1e5c9908374b"
  },
  "metricName": "JIRA_Bug_ERP_DREHighAndCritical",
  "category": "Defects",
  "calculationType": "percentage",
  "toolType": "Jira",
  "formula": "(totalBugsInQA_High + totalBugsInQA_Crit)/(totalBugsInQA_High + totalBugsInQA_Crit + totalBugsInPROD_High + totalBugsInPROD_Crit + totalBugsInUAT_High + totalBugsInUAT_Crit)",
  "trending": "Yes",
  "trendBy": "created",
  "trendingField": "month",
  "trendCount": 5,
  "grouping": "No",
  "formulaParams": {
    "totalBugsInQA_High": {
      "countAnd": {
        "environment": "Dev28",
        "issueTypeName": "Bug",
        "priority": "High"
      }
    },
    "totalBugsInQA_Crit": {
      "countAnd": {
        "environment": "Dev28",
        "issueTypeName": "Bug",
        "priority": "Critical"
      }
    },
    "totalBugsInUAT_High": {
      "countAnd": {
        "environment": "DEV3",
        "issueTypeName": "Bug",
        "priority": "High"
      }
    },
    "totalBugsInUAT_Crit": {
      "count": {
        "environment": "DEV3",
        "issueTypeName": "Bug",
        "priority": "Critical"
      }
    }
  },
  "dataSource": "Jira",
  "_class": "com.cts.idashboard.services.metricservice.data.MetricConfig"
},{
  "_id": {
    "$oid": "63ee094607ce1e5c99095827"
  },
  "metricName": "JIRA_Bug_ERP_DREHighAndCritical_Line",
  "category": "Defects",
  "calculationType": "percentage",
  "toolType": "Jira",
  "formula": "(totalRejectedBugs * 100)/totalBugs",
  "trending": "Yes",
  "trendBy": "created",
  "trendingField": "month",
  "trendCount": 5,
  "grouping": "No",
  "formulaParams": {
    "totalRejectedBugs": {
      "countAnd": {
        "statusName": "CREATE",
        "issueTypeName": "Bug"
      }
    },
    "totalBugs": {
      "count": {
        "issueTypeName": "Bug"
      }
    }
  },
  "dataSource": "Jira",
  "_class": "com.cts.idashboard.services.metricservice.data.MetricConfig"
},{
  "_id": {
    "$oid": "63f24a542a63c84af734ac3a"
  },
  "metricName": "Zephyr_Execution_Pass_Percentage",
  "category": "Execution",
  "calculationType": "percentage",
  "toolType": "Zephyr",
  "formula": "(totalPassed * 100)/totalTests",
  "trending": "No",
  "trendBy": "",
  "trendingField": "",
  "trendCount": 0,
  "grouping": "No",
  "groupBy": "",
  "groupValue": "",
  "formulaParams": {
    "totalPassed": {
      "countAnd": {
        "type": "Test",
        "executionStatusName": "PASS"
      }
    },
    "totalTests": {
      "count": {
        "type": "Test"
      }
    }
  },
  "dataSource": "Zephyr",
  "_class": "com.cts.idashboard.services.metricservice.data.MetricConfig"
},{
  "_id": {
    "$oid": "63f2f7302a63c84af734ac40"
  },
  "metricName": "JIRA_Bug_ERP_DefectAcceptanceRate",
  "category": "Defects",
  "calculationType": "percentage",
  "toolType": "Jira",
  "formula": "(totalDefects - totalCancelledDefects)/totalDefects",
  "trending": "No",
  "trendBy": "",
  "trendingField": "",
  "trendCount": 0,
  "grouping": "No",
  "groupBy": "",
  "groupValue": "",
  "formulaParams": {
    "totalDefects": {
      "count": {
        "issueTypeName": "Bug"
      }
    },
    "totalCancelledDefects": {
      "countAnd": {
        "issueTypeName": "Bug",
        "statusName": "Rejected"
      }
    }
  },
  "dataSource": "Jira",
  "_class": "com.cts.idashboard.services.metricservice.data.MetricConfig"
}]