[{
  "_id": {
    "$oid": "6388679341bbf26f225f093f"
  },
  "toolType": "Jira",
  "metricName": "JIRA_Bug_RejectionRate",
  "metricValue": 22,
  "projectName": "ShoppingCart",
  "dashboardName": "Bugs Dashboard - Shopping Cart",
  "pageName": "Bugs_Page",
  "itemId": "6331869cae3a811597024ed0",
  "lastCalculatedDate": {
    "$date": {
      "$numberLong": "1669883795706"
    }
  },
  "lobId": "63883fae290cb7172392335f",
  "orgId": "63883f1e290cb7172392335e",
  "_class": "com.cts.idashboard.services.metricservice.data.MetricResults"
},{
  "_id": {
    "$oid": "6388679341bbf26f225f0941"
  },
  "toolType": "Jira",
  "metricName": "JIRA_Bug_ReopenedRate",
  "metricValue": 32,
  "projectName": "ShoppingCart",
  "dashboardName": "Bugs Dashboard - Shopping Cart",
  "pageName": "Bugs_Page",
  "itemId": "63315bbeae3a811597024ec9",
  "lastCalculatedDate": {
    "$date": {
      "$numberLong": "1669883795802"
    }
  },
  "lobId": "63883fae290cb7172392335f",
  "orgId": "63883f1e290cb7172392335e",
  "_class": "com.cts.idashboard.services.metricservice.data.MetricResults"
},{
  "_id": {
    "$oid": "6388679341bbf26f225f0943"
  },
  "toolType": "Jira",
  "metricName": "JIRA_Bug_Leakage",
  "metricValue": 42,
  "projectName": "ShoppingCart",
  "dashboardName": "Bugs Dashboard - Shopping Cart",
  "pageName": "Bugs_Page",
  "itemId": "63316e45ae3a811597024ecc",
  "lastCalculatedDate": {
    "$date": {
      "$numberLong": "1669883795878"
    }
  },
  "lobId": "63883fae290cb7172392335f",
  "orgId": "63883f1e290cb7172392335e",
  "_class": "com.cts.idashboard.services.metricservice.data.MetricResults"
},{
  "_id": {
    "$oid": "6388679341bbf26f225f0945"
  },
  "toolType": "Jira",
  "metricName": "JIRA_Bug_QualityOfFixes",
  "metricValue": 52,
  "projectName": "ShoppingCart",
  "dashboardName": "Bugs Dashboard - Shopping Cart",
  "pageName": "Bugs_Page",
  "itemId": "63317238ae3a811597024ece",
  "lastCalculatedDate": {
    "$date": {
      "$numberLong": "1669883795967"
    }
  },
  "lobId": "63883fae290cb7172392335f",
  "orgId": "63883f1e290cb7172392335e",
  "_class": "com.cts.idashboard.services.metricservice.data.MetricResults"
},{
  "_id": {
    "$oid": "6388685c41bbf26f225f0947"
  },
  "toolType": "Jira",
  "metricName": "JIRA_Bug_RejectionRate",
  "metricValue": 45,
  "projectName": "EasyBanking",
  "dashboardName": "Bugs Dashboard - EasyBanking",
  "pageName": "Bugs_Page",
  "itemId": "6331869cae3a811597024ed0",
  "lastCalculatedDate": {
    "$date": {
      "$numberLong": "1669883996916"
    }
  },
  "lobId": "63883fae290cb7172392335f",
  "orgId": "63883f1e290cb7172392335e",
  "_class": "com.cts.idashboard.services.metricservice.data.MetricResults"
},{
  "_id": {
    "$oid": "6388685d41bbf26f225f0949"
  },
  "toolType": "Jira",
  "metricName": "JIRA_Bug_ReopenedRate",
  "metricValue": 55,
  "projectName": "EasyBanking",
  "dashboardName": "Bugs Dashboard - EasyBanking",
  "pageName": "Bugs_Page",
  "itemId": "63315bbeae3a811597024ec9",
  "lastCalculatedDate": {
    "$date": {
      "$numberLong": "1669883997017"
    }
  },
  "lobId": "63883fae290cb7172392335f",
  "orgId": "63883f1e290cb7172392335e",
  "_class": "com.cts.idashboard.services.metricservice.data.MetricResults"
},{
  "_id": {
    "$oid": "6388685d41bbf26f225f094b"
  },
  "toolType": "Jira",
  "metricName": "JIRA_Bug_Leakage",
  "metricValue": 65,
  "projectName": "EasyBanking",
  "dashboardName": "Bugs Dashboard - EasyBanking",
  "pageName": "Bugs_Page",
  "itemId": "63316e45ae3a811597024ecc",
  "lastCalculatedDate": {
    "$date": {
      "$numberLong": "1669883997116"
    }
  },
  "lobId": "63883fae290cb7172392335f",
  "orgId": "63883f1e290cb7172392335e",
  "_class": "com.cts.idashboard.services.metricservice.data.MetricResults"
},{
  "_id": {
    "$oid": "6388685d41bbf26f225f094d"
  },
  "toolType": "Jira",
  "metricName": "JIRA_Bug_QualityOfFixes",
  "metricValue": 75,
  "projectName": "EasyBanking",
  "dashboardName": "Bugs Dashboard - EasyBanking",
  "pageName": "Bugs_Page",
  "itemId": "63317238ae3a811597024ece",
  "lastCalculatedDate": {
    "$date": {
      "$numberLong": "1669883997196"
    }
  },
  "lobId": "63883fae290cb7172392335f",
  "orgId": "63883f1e290cb7172392335e",
  "_class": "com.cts.idashboard.services.metricservice.data.MetricResults"
},{
  "_id": {
    "$oid": "6388745541bbf26f225f094f"
  },
  "toolType": "Jira",
  "metricName": "JIRA_Bug_RejectionRate",
  "metricValue": 40,
  "projectName": "ShopOnline",
  "dashboardName": "Bugs Dashboard - Shop Online",
  "pageName": "Bugs_Page",
  "itemId": "6331869cae3a811597024ed0",
  "lastCalculatedDate": {
    "$date": {
      "$numberLong": "1669887061254"
    }
  },
  "lobId": "63883fae290cb7172392335f",
  "orgId": "63883f1e290cb7172392335e",
  "_class": "com.cts.idashboard.services.metricservice.data.MetricResults"
},{
  "_id": {
    "$oid": "6388745541bbf26f225f0951"
  },
  "toolType": "Jira",
  "metricName": "JIRA_Bug_ReopenedRate",
  "metricValue": 20,
  "projectName": "ShopOnline",
  "dashboardName": "Bugs Dashboard - Shop Online",
  "pageName": "Bugs_Page",
  "itemId": "63315bbeae3a811597024ec9",
  "lastCalculatedDate": {
    "$date": {
      "$numberLong": "1669887061383"
    }
  },
  "lobId": "63883fae290cb7172392335f",
  "orgId": "63883f1e290cb7172392335e",
  "_class": "com.cts.idashboard.services.metricservice.data.MetricResults"
},{
  "_id": {
    "$oid": "6388745541bbf26f225f0953"
  },
  "toolType": "Jira",
  "metricName": "JIRA_Bug_Leakage",
  "metricValue": 40,
  "projectName": "ShopOnline",
  "dashboardName": "Bugs Dashboard - Shop Online",
  "pageName": "Bugs_Page",
  "itemId": "63316e45ae3a811597024ecc",
  "lastCalculatedDate": {
    "$date": {
      "$numberLong": "1669887061484"
    }
  },
  "lobId": "63883fae290cb7172392335f",
  "orgId": "63883f1e290cb7172392335e",
  "_class": "com.cts.idashboard.services.metricservice.data.MetricResults"
},{
  "_id": {
    "$oid": "6388745541bbf26f225f0955"
  },
  "toolType": "Jira",
  "metricName": "JIRA_Bug_QualityOfFixes",
  "metricValue": 60,
  "projectName": "ShopOnline",
  "dashboardName": "Bugs Dashboard - Shop Online",
  "pageName": "Bugs_Page",
  "itemId": "63317238ae3a811597024ece",
  "lastCalculatedDate": {
    "$date": {
      "$numberLong": "1669887061565"
    }
  },
  "lobId": "63883fae290cb7172392335f",
  "orgId": "63883f1e290cb7172392335e",
  "_class": "com.cts.idashboard.services.metricservice.data.MetricResults"
},{
  "_id": {
    "$oid": "638890ce41bbf26f225f095f"
  },
  "toolType": "Jira",
  "metricName": "JIRA_Bug_RejectionRate",
  "metricValue": 66,
  "projectName": "Billing Dashboard",
  "dashboardName": "Bug Dashboard - Billing App",
  "pageName": "Bugs_Page",
  "itemId": "6331869cae3a811597024ed0",
  "lastCalculatedDate": {
    "$date": {
      "$numberLong": "1669894350536"
    }
  },
  "lobId": "63883fae290cb7172392335f",
  "orgId": "63883f1e290cb7172392335e",
  "_class": "com.cts.idashboard.services.metricservice.data.MetricResults"
},{
  "_id": {
    "$oid": "638890ce41bbf26f225f0961"
  },
  "toolType": "Jira",
  "metricName": "JIRA_Bug_ReopenedRate",
  "metricValue": 44,
  "projectName": "Billing Dashboard",
  "dashboardName": "Bug Dashboard - Billing App",
  "pageName": "Bugs_Page",
  "itemId": "63315bbeae3a811597024ec9",
  "lastCalculatedDate": {
    "$date": {
      "$numberLong": "1669894350610"
    }
  },
  "lobId": "63883fae290cb7172392335f",
  "orgId": "63883f1e290cb7172392335e",
  "_class": "com.cts.idashboard.services.metricservice.data.MetricResults"
},{
  "_id": {
    "$oid": "638890ce41bbf26f225f0963"
  },
  "toolType": "Jira",
  "metricName": "JIRA_Bug_Leakage",
  "metricValue": 55,
  "projectName": "Billing Dashboard",
  "dashboardName": "Bug Dashboard - Billing App",
  "pageName": "Bugs_Page",
  "itemId": "63316e45ae3a811597024ecc",
  "lastCalculatedDate": {
    "$date": {
      "$numberLong": "1669894350670"
    }
  },
  "lobId": "63883fae290cb7172392335f",
  "orgId": "63883f1e290cb7172392335e",
  "_class": "com.cts.idashboard.services.metricservice.data.MetricResults"
},{
  "_id": {
    "$oid": "638890ce41bbf26f225f0965"
  },
  "toolType": "Jira",
  "metricName": "JIRA_Bug_QualityOfFixes",
  "metricValue": 34,
  "projectName": "Billing Dashboard",
  "dashboardName": "Bug Dashboard - Billing App",
  "pageName": "Bugs_Page",
  "itemId": "63317238ae3a811597024ece",
  "lastCalculatedDate": {
    "$date": {
      "$numberLong": "1669894350734"
    }
  },
  "lobId": "63883fae290cb7172392335f",
  "orgId": "63883f1e290cb7172392335e",
  "_class": "com.cts.idashboard.services.metricservice.data.MetricResults"
},{
  "_id": {
    "$oid": "638890f541bbf26f225f0967"
  },
  "toolType": "Jira",
  "metricName": "JIRA_Bug_RejectionRate",
  "metricValue": 31,
  "projectName": "Academy Courses",
  "dashboardName": "Bugs Dashboard - Academy Courses",
  "pageName": "Bugs_Page",
  "itemId": "6331869cae3a811597024ed0",
  "lastCalculatedDate": {
    "$date": {
      "$numberLong": "1669894389153"
    }
  },
  "lobId": "63883fae290cb7172392335f",
  "orgId": "63883f1e290cb7172392335e",
  "_class": "com.cts.idashboard.services.metricservice.data.MetricResults"
},{
  "_id": {
    "$oid": "638890f541bbf26f225f0969"
  },
  "toolType": "Jira",
  "metricName": "JIRA_Bug_ReopenedRate",
  "metricValue": 38,
  "projectName": "Academy Courses",
  "dashboardName": "Bugs Dashboard - Academy Courses",
  "pageName": "Bugs_Page",
  "itemId": "63315bbeae3a811597024ec9",
  "lastCalculatedDate": {
    "$date": {
      "$numberLong": "1669894389246"
    }
  },
  "lobId": "63883fae290cb7172392335f",
  "orgId": "63883f1e290cb7172392335e",
  "_class": "com.cts.idashboard.services.metricservice.data.MetricResults"
},{
  "_id": {
    "$oid": "638890f541bbf26f225f096b"
  },
  "toolType": "Jira",
  "metricName": "JIRA_Bug_Leakage",
  "metricValue": 29,
  "projectName": "Academy Courses",
  "dashboardName": "Bugs Dashboard - Academy Courses",
  "pageName": "Bugs_Page",
  "itemId": "63316e45ae3a811597024ecc",
  "lastCalculatedDate": {
    "$date": {
      "$numberLong": "1669894389335"
    }
  },
  "lobId": "63883fae290cb7172392335f",
  "orgId": "63883f1e290cb7172392335e",
  "_class": "com.cts.idashboard.services.metricservice.data.MetricResults"
},{
  "_id": {
    "$oid": "638890f541bbf26f225f096d"
  },
  "toolType": "Jira",
  "metricName": "JIRA_Bug_QualityOfFixes",
  "metricValue": 8,
  "projectName": "Academy Courses",
  "dashboardName": "Bugs Dashboard - Academy Courses",
  "pageName": "Bugs_Page",
  "itemId": "63317238ae3a811597024ece",
  "lastCalculatedDate": {
    "$date": {
      "$numberLong": "1669894389415"
    }
  },
  "lobId": "63883fae290cb7172392335f",
  "orgId": "63883f1e290cb7172392335e",
  "_class": "com.cts.idashboard.services.metricservice.data.MetricResults"
},{
  "_id": {
    "$oid": "63889464d2a64d598d72cf42"
  },
  "toolType": "Jira",
  "metricName": "Performance_SLA_Compliance",
  "metricValue": 75,
  "projectName": "Digital",
  "dashboardName": "Performance",
  "pageName": "Performance SLA",
  "itemId": "637e044504b3600ab33cbffd",
  "lastCalculatedDate": {
    "$date": {
      "$numberLong": "1664183360653"
    }
  },
  "_class": "com.cts.idashboard.services.metricservice.data.MetricResults"
},{
  "_id": {
    "$oid": "63889c9641bbf26f225f0970"
  },
  "toolType": "Jira",
  "metricName": "JIRA_Story_StabilityIndex",
  "metricValue": -1,
  "projectName": "Academy Courses",
  "dashboardName": "Story Dashboard - Academy Courses",
  "pageName": "Story_Page",
  "itemId": "633154e06a191938e70e9e9b",
  "lastCalculatedDate": {
    "$date": {
      "$numberLong": "1669897366927"
    }
  },
  "lobId": "63883fae290cb7172392335f",
  "orgId": "63883f1e290cb7172392335e",
  "_class": "com.cts.idashboard.services.metricservice.data.MetricResults"
},{
  "_id": {
    "$oid": "63c670fb99be0300e2a547c5"
  },
  "toolType": "Zephyr",
  "metricName": "Zephyr_Defect_Rejection_Rate",
  "metricValue": 0,
  "projectName": "Type-II",
  "dashboardName": "Zephyr Dashboard",
  "pageName": "Bugs_Page",
  "itemId": "639c3f4de6ccf5556d3bba6c",
  "groupBy": "release",
  "lastCalculatedDate": {
    "$date": {
      "$numberLong": "1673949435846"
    }
  },
  "groupedResult": [
    {
      "result": 37,
      "groupName": "REL_1.0"
    },
    {
      "result": 31,
      "groupName": "REL_2.0"
    },
    {
      "result": 100,
      "groupName": "REL_3.0"
    },
    {
      "result": 100,
      "groupName": "REL_4.0"
    }
  ],
  "_class": "com.cts.idashboard.services.metricservice.data.MetricResults"
},{
  "_id": {
    "$oid": "63edee68c43e2c1a6f81a1b2"
  },
  "toolType": "Jira",
  "metricName": "JIRA_Bug_ERPRejectionRate",
  "metricValue": 7,
  "projectName": "ERP Project",
  "dashboardName": "Defect",
  "pageName": "defect",
  "itemId": "63edee4f272d0e6cea48fa5e",
  "lastCalculatedDate": {
    "$date": {
      "$numberLong": "1676866962907"
    }
  },
  "trendCount": 0,
  "_class": "com.cts.idashboard.services.metricservice.data.MetricResults"
},{
  "_id": {
    "$oid": "63edfa64c43e2c1a6f81a1b3"
  },
  "toolType": "Jira",
  "metricName": "JIRA_Bug_ERP_DREHighAndCritical",
  "metricValue": 24,
  "projectName": "ERP Project",
  "dashboardName": "Defect",
  "pageName": "defect",
  "itemId": "63edfa46272d0e6cea48fa60",
  "grouping": "No",
  "lastCalculatedDate": {
    "$date": {
      "$numberLong": "1676626659359"
    }
  },
  "trending": "Yes",
  "trendBy": "created",
  "trendingField": "month",
  "trendCount": 5,
  "metricValues": [
    {
      "result": 0,
      "month": "Sat Oct 01 00:00:00 PDT 2022"
    },
    {
      "result": 0,
      "month": "Tue Nov 01 00:00:00 PDT 2022"
    },
    {
      "result": 0,
      "month": "Thu Dec 01 00:00:00 PST 2022"
    },
    {
      "result": 0,
      "month": "Sun Jan 01 00:00:00 PST 2023"
    },
    {
      "result": 10,
      "month": "Wed Feb 01 00:00:00 PST 2023"
    }
  ],
  "_class": "com.cts.idashboard.services.metricservice.data.MetricResults"
},{
  "_id": {
    "$oid": "63ef56a52a63c84af734ac39"
  },
  "toolType": "Jira",
  "metricName": "JIRA_Bug_ERP_DREHighAndCritical_Line",
  "metricValue": 0,
  "projectName": "ERP Project",
  "dashboardName": "Defect",
  "pageName": "defect",
  "itemId": "63ef55e3272d0e6cea48fa68",
  "grouping": "No",
  "lastCalculatedDate": {
    "$date": {
      "$numberLong": "1676866963420"
    }
  },
  "trending": "Yes",
  "trendBy": "created",
  "trendingField": "month",
  "trendCount": 5,
  "metricValues": [
    {
      "result": 0,
      "month": "Sat Oct 01 00:00:00 PDT 2022"
    },
    {
      "result": 0,
      "month": "Tue Nov 01 00:00:00 PDT 2022"
    },
    {
      "result": 0,
      "month": "Thu Dec 01 00:00:00 PST 2022"
    },
    {
      "result": 0,
      "month": "Sun Jan 01 00:00:00 PST 2023"
    },
    {
      "result": 25,
      "month": "Wed Feb 01 00:00:00 PST 2023"
    }
  ],
  "_class": "com.cts.idashboard.services.metricservice.data.MetricResults"
},{
  "_id": {
    "$oid": "63f24b6a2a63c84af734ac3b"
  },
  "toolType": "Zephyr",
  "metricName": "Zephyr_Execution_Pass_Percentage",
  "metricValue": 86,
  "projectName": "ERP Project",
  "dashboardName": "Execution",
  "pageName": "Execution",
  "itemId": "63f24b5b272d0e6cea48fa77",
  "lastCalculatedDate": {
    "$date": {
      "$numberLong": "1676823668525"
    }
  },
  "trendCount": 0,
  "_class": "com.cts.idashboard.services.metricservice.data.MetricResults"
},{
  "_id": {
    "$oid": "63f2f1042a63c84af734ac3c"
  },
  "toolType": "Jira",
  "metricName": "JIRA_Bug_ERPRejectionRate",
  "metricValue": 7,
  "projectName": "ERP Project",
  "dashboardName": "Defects",
  "pageName": "defects",
  "itemId": "63edee4f272d0e6cea48fa5e",
  "lastCalculatedDate": {
    "$date": {
      "$numberLong": "1676867603760"
    }
  },
  "trendCount": 0,
  "_class": "com.cts.idashboard.services.metricservice.data.MetricResults"
},{
  "_id": {
    "$oid": "63f2f3cc2a63c84af734ac3d"
  },
  "toolType": "Jira",
  "metricName": "JIRA_Bug_ReopenedRate",
  "metricValue": 0,
  "projectName": "ERP Project",
  "dashboardName": "Defects",
  "pageName": "defects",
  "itemId": "63315bbeae3a811597024ec9",
  "lastCalculatedDate": {
    "$date": {
      "$numberLong": "1676867603802"
    }
  },
  "trendCount": 0,
  "_class": "com.cts.idashboard.services.metricservice.data.MetricResults"
},{
  "_id": {
    "$oid": "63f2f4a32a63c84af734ac3e"
  },
  "toolType": "Jira",
  "metricName": "JIRA_Bug_Leakage",
  "metricValue": 0,
  "projectName": "ERP Project",
  "dashboardName": "Defects",
  "pageName": "defects",
  "itemId": "63316e45ae3a811597024ecc",
  "lastCalculatedDate": {
    "$date": {
      "$numberLong": "1676867603887"
    }
  },
  "trendCount": 0,
  "_class": "com.cts.idashboard.services.metricservice.data.MetricResults"
},{
  "_id": {
    "$oid": "63f2f5142a63c84af734ac3f"
  },
  "toolType": "Jira",
  "metricName": "JIRA_Bug_QualityOfFixes",
  "metricValue": 7,
  "projectName": "ERP Project",
  "dashboardName": "Defects",
  "pageName": "defects",
  "itemId": "63317238ae3a811597024ece",
  "lastCalculatedDate": {
    "$date": {
      "$numberLong": "1676867603961"
    }
  },
  "trendCount": 0,
  "_class": "com.cts.idashboard.services.metricservice.data.MetricResults"
},{
  "_id": {
    "$oid": "63f2f8142a63c84af734ac41"
  },
  "toolType": "Jira",
  "metricName": "JIRA_Bug_ERP_DefectAcceptanceRate",
  "metricValue": 1,
  "projectName": "ERP Project",
  "dashboardName": "Defects",
  "pageName": "defects",
  "itemId": "63f2f809272d0e6cea48fa79",
  "lastCalculatedDate": {
    "$date": {
      "$numberLong": "1676867604023"
    }
  },
  "trendCount": 0,
  "_class": "com.cts.idashboard.services.metricservice.data.MetricResults"
}]