[{
  "_id": {
    "$oid": "637e027ad2a64d598d18e9a2"
  },
  "type": "PerformanceDefects",
  "severity": "Critical",
  "endUserExperience": "good"
},{
  "_id": {
    "$oid": "637e0342d2a64d598d18f07e"
  },
  "type": "PerformanceDefects",
  "severity": "High",
  "endUserExperience": "good"
},{
  "_id": {
    "$oid": "637e034fd2a64d598d18f0d4"
  },
  "type": "PerformanceDefects",
  "severity": "Critical",
  "endUserExperience": "fair"
},{
  "_id": {
    "$oid": "637e0afcd2a64d598d193ee6"
  },
  "type": "PerformanceDefects",
  "severity": "Critical",
  "endUserExperience": "bad"
},{
  "_id": {
    "$oid": "637e0b0cd2a64d598d193f46"
  },
  "type": "PerformanceDefects",
  "severity": "Medium",
  "endUserExperience": "good"
}]