[{
  "_id": {
    "$oid": "5d3ee668a544183c5ce3cf6f"
  },
  "createdDate": {
    "$date": {
      "$numberLong": "1564403304001"
    }
  },
  "account": {
    "$ref": "accounts",
    "$id": {
      "$oid": "5d3ee667a544183c5ce3cf6e"
    }
  },
  "active": true,
  "type": "Native",
  "modifiedDate": {
    "$date": {
      "$numberLong": "1564403304001"
    }
  },
  "org": "cognizant",
  "email": "idashboard@cognizant.com",
  "lastName": "cognizant",
  "firstName": "idashboard",
  "password": "$2a$12$U/lxhcB8ZF7Hq3ADUVZ.zewp6SSx3MYDAK1KjqWJuS4MezO7/MIR.",
  "username": "idashboard"
},{
  "_id": {
    "$oid": "62d1205673809f6a9ec6beb3"
  },
  "password": "$2a$12$ZSabnkS/eOs8GWGXnuweCO.glmAxrmAUsCNLpUXl/vplfdT0HScSm",
  "firstName": "sample",
  "lastName": "user",
  "email": "sample@cts.com",
  "org": "ciqdashboard",
  "modifiedDate": {
    "$date": {
      "$numberLong": "1657872470187"
    }
  },
  "active": true,
  "type": "Native",
  "account": {
    "$ref": "accounts",
    "$id": {
      "$oid": "62d1205673809f6a9ec6beb2"
    }
  },
  "createdDate": {
    "$date": {
      "$numberLong": "1657872470595"
    }
  },
  "lastModifiedDate": {
    "$date": {
      "$numberLong": "1657872470595"
    }
  },
  "_class": "com.cognizant.authapi.users.beans.User"
},{
  "_id": {
    "$oid": "63280c35e51d4c1d423b0414"
  },
  "password": "$2a$12$wVzPfDTBv1PiMcL8ZV7vku9f3isLYUFsiTt9/kkI2Ge.kfcV3xgby",
  "firstName": "Rajneesh",
  "lastName": "Gupta",
  "email": "sample1@cts.com",
  "org": "ciqdashboard",
  "modifiedDate": {
    "$date": {
      "$numberLong": "1663568947128"
    }
  },
  "active": true,
  "type": "Native",
  "account": {
    "$ref": "accounts",
    "$id": {
      "$oid": "63280c33e51d4c1d423b0413"
    }
  },
  "createdDate": {
    "$date": {
      "$numberLong": "1663568948998"
    }
  },
  "lastModifiedDate": {
    "$date": {
      "$numberLong": "1663580558541"
    }
  },
  "_class": "com.cognizant.authapi.users.beans.User"
},{
  "_id": {
    "$oid": "63281574e51d4c1d423b0416"
  },
  "password": "$2a$12$Mbm14zli7WSbI5Bilaqe9eVhFD7pPkEQMKy9.hf7T9DTN7EoQBSWS",
  "firstName": "Sandeep",
  "lastName": "Inti",
  "email": "inti.sandeep@cognizant.com",
  "org": "ciqdashboard",
  "modifiedDate": {
    "$date": {
      "$numberLong": "1663571315000"
    }
  },
  "active": true,
  "type": "Native",
  "account": {
    "$ref": "accounts",
    "$id": {
      "$oid": "63281572e51d4c1d423b0415"
    }
  },
  "createdDate": {
    "$date": {
      "$numberLong": "1663571316123"
    }
  },
  "lastModifiedDate": {
    "$date": {
      "$numberLong": "1663571869518"
    }
  },
  "_class": "com.cognizant.authapi.users.beans.User"
},{
  "_id": {
    "$oid": "6329b339e51d4c1d423b0418"
  },
  "password": "$2a$12$GVtrN1hn55zaZbx4IgbMHulaQ0NcLucHR2sZ1IhboG7k9EX5jaSlO",
  "firstName": "admin",
  "lastName": "user",
  "email": "adminuser@cts.com",
  "org": "ciqdashboard",
  "modifiedDate": {
    "$date": {
      "$numberLong": "1663677239953"
    }
  },
  "active": true,
  "type": "Native",
  "account": {
    "$ref": "accounts",
    "$id": {
      "$oid": "6329b337e51d4c1d423b0417"
    }
  },
  "createdDate": {
    "$date": {
      "$numberLong": "1663677241230"
    }
  },
  "lastModifiedDate": {
    "$date": {
      "$numberLong": "1663677410070"
    }
  },
  "_class": "com.cognizant.authapi.users.beans.User"
},{
  "_id": {
    "$oid": "6329b35ce51d4c1d423b041a"
  },
  "password": "$2a$12$NEZmol0EI8Uw2BrTghWnzeeCST0WmmDjT4AHg6FXCTkApsMJDuWU.",
  "firstName": "demo",
  "lastName": "user",
  "email": "demouser@cts.com",
  "org": "ciqdashboard",
  "modifiedDate": {
    "$date": {
      "$numberLong": "1663677275109"
    }
  },
  "active": true,
  "type": "Native",
  "account": {
    "$ref": "accounts",
    "$id": {
      "$oid": "6329b35ae51d4c1d423b0419"
    }
  },
  "createdDate": {
    "$date": {
      "$numberLong": "1663677276505"
    }
  },
  "lastModifiedDate": {
    "$date": {
      "$numberLong": "1663677433676"
    }
  },
  "_class": "com.cognizant.authapi.users.beans.User"
},{
  "_id": {
    "$oid": "632a6b98e51d4c1d423b041c"
  },
  "password": "$2a$12$7t6hw.DgrFABniGQIBVx6O5MZt1dcWBH.kJrJ//sZPRT7P2A9NX/i",
  "firstName": "Subramani",
  "lastName": "Murthy",
  "email": "subbu@cts.com",
  "org": "ciqdashboard",
  "modifiedDate": {
    "$date": {
      "$numberLong": "1663724438908"
    }
  },
  "active": false,
  "type": "Native",
  "account": {
    "$ref": "accounts",
    "$id": {
      "$oid": "632a6b96e51d4c1d423b041b"
    }
  },
  "createdDate": {
    "$date": {
      "$numberLong": "1663724440047"
    }
  },
  "lastModifiedDate": {
    "$date": {
      "$numberLong": "1663724440047"
    }
  },
  "_class": "com.cognizant.authapi.users.beans.User"
}]