[{
  "_id": "sample@cts.com",
  "lastLoginStatus": "SUCCESS",
  "failureCount": 0,
  "lastSuccessLoginTime": {
    "$date": {
      "$numberLong": "1676818545979"
    }
  },
  "failureLoginTimes": [],
  "lastModifiedDate": {
    "$date": {
      "$numberLong": "1676818545999"
    }
  },
  "_class": "com.cognizant.authapi.users.beans.UserLoginDetails"
},{
  "_id": "sample1@cts.com",
  "lastLoginStatus": "SUCCESS",
  "failureCount": 0,
  "lastSuccessLoginTime": {
    "$date": {
      "$numberLong": "1667204070939"
    }
  },
  "failureLoginTimes": [],
  "lastModifiedDate": {
    "$date": {
      "$numberLong": "1667204070949"
    }
  },
  "_class": "com.cognizant.authapi.users.beans.UserLoginDetails"
},{
  "_id": "inti.sandeep@cognizant.com",
  "lastLoginStatus": "SUCCESS",
  "failureCount": 0,
  "lastSuccessLoginTime": {
    "$date": {
      "$numberLong": "1666166225179"
    }
  },
  "failureLoginTimes": [],
  "lastModifiedDate": {
    "$date": {
      "$numberLong": "1666166225573"
    }
  },
  "_class": "com.cognizant.authapi.users.beans.UserLoginDetails"
},{
  "_id": "adminuser@cts.com",
  "lastLoginStatus": "SUCCESS",
  "failureCount": 0,
  "lastSuccessLoginTime": {
    "$date": {
      "$numberLong": "1663677716514"
    }
  },
  "failureLoginTimes": [],
  "lastModifiedDate": {
    "$date": {
      "$numberLong": "1663677716542"
    }
  },
  "_class": "com.cognizant.authapi.users.beans.UserLoginDetails"
},{
  "_id": "demouser@cts.com",
  "lastLoginStatus": "SUCCESS",
  "failureCount": 0,
  "lastSuccessLoginTime": {
    "$date": {
      "$numberLong": "1663677753975"
    }
  },
  "failureLoginTimes": [],
  "lastModifiedDate": {
    "$date": {
      "$numberLong": "1663677753994"
    }
  },
  "_class": "com.cognizant.authapi.users.beans.UserLoginDetails"
}]